"","X","id","p_value","significant","significant_fdr"
"1",899,"AT3G18250",0.000124466335456742,TRUE,TRUE
"2",1628,"AT5G35735",0.000134551333494277,TRUE,FALSE
"3",1750,"AT5G54160",0.000187871761275163,TRUE,FALSE
"4",991,"AT3G46280",0.000283569987925427,TRUE,FALSE
"5",199,"AT1G28230",0.000311403296409734,TRUE,FALSE
"6",975,"AT3G44370",0.000387703896711007,TRUE,FALSE
"7",180,"AT1G23850",0.000522393767282144,TRUE,FALSE
"8",176,"AT1G23180",0.000532742446604955,TRUE,FALSE
"9",52,"AT1G09080",0.000544100580125158,TRUE,FALSE
"10",841,"AT3G11340",0.000588105320094121,TRUE,FALSE
"11",1143,"AT4G01850",0.000602615966317527,TRUE,FALSE
"12",1098,"AT3G58120",0.000616613025228881,TRUE,FALSE
"13",1348,"AT4G31290",0.000981435335798132,TRUE,FALSE
"14",680,"AT2G35410",0.00101903927682635,TRUE,FALSE
"15",1023,"AT3G50480",0.00102006750206984,TRUE,FALSE
"16",1493,"AT5G11340",0.00121045753486495,TRUE,FALSE
"17",430,"AT1G73060",0.00132462372475255,TRUE,FALSE
"18",1422,"AT5G01220",0.00151021330788054,TRUE,FALSE
"19",851,"AT3G12930",0.00171235338207038,TRUE,FALSE
"20",191,"AT1G26420",0.00198341795660099,TRUE,FALSE
"21",86,"AT1G13480",0.00205965944032825,TRUE,FALSE
"22",323,"AT1G59710",0.00218008286634875,TRUE,FALSE
"23",297,"AT1G53240",0.00262476202592586,TRUE,FALSE
"24",1254,"AT4G20830",0.00281168890995878,TRUE,FALSE
"25",1391,"AT4G36670",0.00303799270592891,TRUE,FALSE
"26",754,"AT2G44790",0.00319989957358803,TRUE,FALSE
"27",1262,"AT4G21410",0.00319989957358804,TRUE,FALSE
"28",1166,"AT4G08500",0.00333416883569142,TRUE,FALSE
"29",1759,"AT5G55950",0.00346091741366732,TRUE,FALSE
"30",1346,"AT4G30950",0.00373309035659029,TRUE,FALSE
"31",639,"AT2G30750",0.00392774276930804,TRUE,FALSE
"32",1312,"AT4G26970",0.00398598633858769,TRUE,FALSE
"33",1685,"AT5G44585",0.00406471996703448,TRUE,FALSE
"34",746,"AT2G44370",0.00410671826039183,TRUE,FALSE
"35",1719,"AT5G48430",0.00417434784070304,TRUE,FALSE
"36",1836,"AT5G64905",0.00420011115313228,TRUE,FALSE
"37",222,"AT1G30900",0.00426831350854117,TRUE,FALSE
"38",229,"AT1G32060",0.00442237177240535,TRUE,FALSE
"39",1622,"AT5G31702",0.00442320260634736,TRUE,FALSE
"40",62,"AT1G10700",0.00478748947611492,TRUE,FALSE
"41",1525,"AT5G14060",0.0049045482557939,TRUE,FALSE
"42",1731,"AT5G51070",0.00524746481619729,TRUE,FALSE
"43",182,"AT1G24140",0.00556213076651409,TRUE,FALSE
"44",1811,"AT5G62370",0.00556235111916759,TRUE,FALSE
"45",1499,"AT5G12040",0.00559459618737429,TRUE,FALSE
"46",1102,"AT3G59220",0.00631678218396344,TRUE,FALSE
"47",218,"AT1G30720",0.00671488947640454,TRUE,FALSE
"48",454,"AT1G76050",0.00680487913898788,TRUE,FALSE
"49",1128,"AT3G63190",0.00680792424821073,TRUE,FALSE
"50",1575,"AT5G21920",0.00702280789204331,TRUE,FALSE
"51",987,"AT3G45640",0.00718291553194219,TRUE,FALSE
"52",41,"AT1G07160",0.00763533375148989,TRUE,FALSE
"53",231,"AT1G32120",0.00780125542636043,TRUE,FALSE
"54",423,"AT1G71730",0.00790668524227693,TRUE,FALSE
"55",556,"AT2G19190",0.00839953169964867,TRUE,FALSE
"56",850,"AT3G12760",0.00864902208037922,TRUE,FALSE
"57",1008,"AT3G48730",0.00924861094194745,TRUE,FALSE
"58",1518,"AT5G13510",0.00949258568299093,TRUE,FALSE
"59",1844,"AT5G66090",0.00969614634398197,TRUE,FALSE
"60",884,"AT3G15850",0.0100336052153435,TRUE,FALSE
"61",1094,"AT3G57280",0.0102345007359295,TRUE,FALSE
"62",1587,"AT5G24110",0.01027077223717,TRUE,FALSE
"63",1145,"AT4G01915",0.0103207089351877,TRUE,FALSE
"64",1412,"AT4G39230",0.010504183320718,TRUE,FALSE
"65",1228,"AT4G18220",0.010786340397061,TRUE,FALSE
"66",291,"AT1G52827",0.0112825891372146,TRUE,FALSE
"67",51,"AT1G08940",0.0112835941188007,TRUE,FALSE
"68",779,"AT3G01290",0.0115033719949058,TRUE,FALSE
"69",755,"AT2G45180",0.0115574256600874,TRUE,FALSE
"70",765,"AT2G46680",0.0118285785843202,TRUE,FALSE
"71",859,"AT3G13330",0.0120957695459586,TRUE,FALSE
"72",148,"AT1G19950",0.0121884530681928,TRUE,FALSE
"73",664,"AT2G33710",0.0134501278370165,TRUE,FALSE
"74",313,"AT1G56140",0.0138402784054866,TRUE,FALSE
"75",587,"AT2G23680",0.0138508794426226,TRUE,FALSE
"76",1786,"AT5G58350",0.0142786262411902,TRUE,FALSE
"77",1835,"AT5G64750",0.0143318620568582,TRUE,FALSE
"78",712,"AT2G39530",0.0144756024750363,TRUE,FALSE
"79",1399,"AT4G37640",0.014913127074836,TRUE,FALSE
"80",1714,"AT5G47710",0.0154658062250633,TRUE,FALSE
"81",1309,"AT4G26540",0.0154659702479749,TRUE,FALSE
"82",447,"AT1G75240",0.0154669244326185,TRUE,FALSE
"83",1532,"AT5G15030",0.0154966028511464,TRUE,FALSE
"84",1611,"AT5G26230",0.0161521028174739,TRUE,FALSE
"85",339,"AT1G61520",0.0164493119603494,TRUE,FALSE
"86",1130,"AT4G00165",0.0164882872556208,TRUE,FALSE
"87",643,"AT2G31020",0.0168235511422311,TRUE,FALSE
"88",513,"AT2G03430",0.0168267639559387,TRUE,FALSE
"89",460,"AT1G76160",0.01721953978723,TRUE,FALSE
"90",972,"AT3G43270",0.0174873993708783,TRUE,FALSE
"91",276,"AT1G51610",0.0178671451696483,TRUE,FALSE
"92",645,"AT2G31150",0.018840170917008,TRUE,FALSE
"93",1111,"AT3G60440",0.0188429721430386,TRUE,FALSE
"94",40,"AT1G07130",0.0189792291923109,TRUE,FALSE
"95",1793,"AT5G59510",0.0189792291940343,TRUE,FALSE
"96",112,"AT1G15550",0.0189808764237447,TRUE,FALSE
"97",984,"AT3G45290",0.0197833874478826,TRUE,FALSE
"98",718,"AT2G40113",0.0210892760942287,TRUE,FALSE
"99",516,"AT2G04070",0.0216873822882526,TRUE,FALSE
"100",1161,"AT4G04635",0.0216883949311416,TRUE,FALSE
"101",315,"AT1G56720",0.0216891901525624,TRUE,FALSE
"102",936,"AT3G24090",0.0220624334577423,TRUE,FALSE
"103",1074,"AT3G55040",0.0220624334582961,TRUE,FALSE
"104",1842,"AT5G65830",0.0220625718079607,TRUE,FALSE
"105",1296,"AT4G25070",0.0220653013540413,TRUE,FALSE
"106",1851,"AT5G67500",0.0222490038949351,TRUE,FALSE
"107",1551,"AT5G17350",0.0231471371852199,TRUE,FALSE
"108",640,"AT2G30770",0.023194403957433,TRUE,FALSE
"109",727,"AT2G41110",0.0231951269105697,TRUE,FALSE
"110",476,"AT1G78170",0.0232011928210506,TRUE,FALSE
"111",215,"AT1G30250",0.0236293732084367,TRUE,FALSE
"112",624,"AT2G29490",0.0238720655373461,TRUE,FALSE
"113",1392,"AT4G36680",0.0238900101520614,TRUE,FALSE
"114",684,"AT2G35930",0.0238905594644518,TRUE,FALSE
"115",814,"AT3G07460",0.0238907022330089,TRUE,FALSE
"116",1377,"AT4G35100",0.0238907130496407,TRUE,FALSE
"117",670,"AT2G34600",0.023892317661852,TRUE,FALSE
"118",1137,"AT4G01290",0.0238930730154553,TRUE,FALSE
"119",456,"AT1G76100",0.0239233217608163,TRUE,FALSE
"120",961,"AT3G28130",0.023928266574124,TRUE,FALSE
"121",1354,"AT4G32020",0.0254651535665179,TRUE,FALSE
"122",95,"AT1G14345",0.0264904773773632,TRUE,FALSE
"123",1723,"AT5G49120",0.0265773366717289,TRUE,FALSE
"124",429,"AT1G72890",0.0265774745893638,TRUE,FALSE
"125",202,"AT1G28530",0.0265794636576357,TRUE,FALSE
"126",204,"AT1G28620",0.0265798752233228,TRUE,FALSE
"127",1386,"AT4G36220",0.0267240294710516,TRUE,FALSE
"128",1456,"AT5G05600",0.026728957697546,TRUE,FALSE
"129",107,"AT1G15430",0.0270061965454212,TRUE,FALSE
"130",1388,"AT4G36640",0.0271297274366331,TRUE,FALSE
"131",1326,"AT4G29610",0.0271338880956706,TRUE,FALSE
"132",1332,"AT4G30020",0.0279699262560589,TRUE,FALSE
"133",87,"AT1G13650",0.0281345124974591,TRUE,FALSE
"134",1267,"AT4G22200",0.0282950193088466,TRUE,FALSE
"135",992,"AT3G46370",0.0282953609627078,TRUE,FALSE
"136",839,"AT3G11110",0.0282961921156102,TRUE,FALSE
"137",1444,"AT5G03520",0.0284479310960611,TRUE,FALSE
"138",1697,"AT5G45820",0.0284570732543565,TRUE,FALSE
"139",1660,"AT5G42070",0.028500223679457,TRUE,FALSE
"140",1520,"AT5G13630",0.0301869503122962,TRUE,FALSE
"141",452,"AT1G75750",0.0303847277297777,TRUE,FALSE
"142",156,"AT1G21000",0.0313113327769133,TRUE,FALSE
"143",757,"AT2G45290",0.0317074380331992,TRUE,FALSE
"144",1850,"AT5G67450",0.0317426899596065,TRUE,FALSE
"145",1765,"AT5G56747",0.0317426900053082,TRUE,FALSE
"146",1725,"AT5G49740",0.0317430240999213,TRUE,FALSE
"147",1091,"AT3G57040",0.0317446684935522,TRUE,FALSE
"148",693,"AT2G36910",0.0319730446289074,TRUE,FALSE
"149",305,"AT1G54500",0.0321441278797003,TRUE,FALSE
"150",1818,"AT5G62960",0.0330979022724638,TRUE,FALSE
"151",732,"AT2G42300",0.0332979889106195,TRUE,FALSE
"152",1119,"AT3G62240",0.0333829061008757,TRUE,FALSE
"153",1252,"AT4G20460",0.0333849665715143,TRUE,FALSE
"154",741,"AT2G43590",0.0333849665747131,TRUE,FALSE
"155",239,"AT1G33600",0.0334465248771289,TRUE,FALSE
"156",250,"AT1G43670",0.0334467653497359,TRUE,FALSE
"157",1165,"AT4G08470",0.0334473121379131,TRUE,FALSE
"158",1421,"AT5G01100",0.0334493135412543,TRUE,FALSE
"159",247,"AT1G42480",0.0334502322800534,TRUE,FALSE
"160",354,"AT1G64200",0.0334555654032829,TRUE,FALSE
"161",1333,"AT4G30060",0.0334679538419441,TRUE,FALSE
"162",47,"AT1G08050",0.0338795814162615,TRUE,FALSE
"163",1292,"AT4G24680",0.0339823983930408,TRUE,FALSE
"164",613,"AT2G27580",0.0339848707113586,TRUE,FALSE
"165",104,"AT1G15240",0.0339921809676851,TRUE,FALSE
"166",1142,"AT4G01810",0.0346163717300549,TRUE,FALSE
"167",115,"AT1G15820",0.03581381245226,TRUE,FALSE
"168",790,"AT3G02830",0.0366238163815706,TRUE,FALSE
"169",733,"AT2G42360",0.0366546218555536,TRUE,FALSE
"170",1314,"AT4G27440",0.0370779986787953,TRUE,FALSE
"171",620,"AT2G29110",0.0371204490427809,TRUE,FALSE
"172",690,"AT2G36690",0.0371205451124023,TRUE,FALSE
"173",883,"AT3G15760",0.0377327227610617,TRUE,FALSE
"174",1164,"AT4G06744",0.0377327227630102,TRUE,FALSE
"175",57,"AT1G10140",0.0384887587390049,TRUE,FALSE
"176",1268,"AT4G22260",0.0387027240433355,TRUE,FALSE
"177",135,"AT1G18950",0.0387061807401008,TRUE,FALSE
"178",767,"AT2G46910",0.0392664484246525,TRUE,FALSE
"179",478,"AT1G78280",0.0392677622907663,TRUE,FALSE
"180",318,"AT1G58190",0.039268097698563,TRUE,FALSE
"181",1384,"AT4G35780",0.0392701690989895,TRUE,FALSE
"182",1834,"AT5G64660",0.0392730407149831,TRUE,FALSE
"183",956,"AT3G27390",0.0397134986568811,TRUE,FALSE
"184",830,"AT3G10405",0.0401365620000501,TRUE,FALSE
"185",375,"AT1G66150",0.0401365620052351,TRUE,FALSE
"186",163,"AT1G21450",0.0401373318257971,TRUE,FALSE
"187",307,"AT1G54820",0.0404748106827092,TRUE,FALSE
"188",1650,"AT5G40150",0.0404754668779639,TRUE,FALSE
"189",978,"AT3G44720",0.0404761770257977,TRUE,FALSE
"190",566,"AT2G21230",0.0404774197123031,TRUE,FALSE
"191",1317,"AT4G28630",0.0404790132767586,TRUE,FALSE
"192",237,"AT1G32940",0.0405474059358993,TRUE,FALSE
"193",299,"AT1G53430",0.0407396222279742,TRUE,FALSE
"194",1434,"AT5G02160",0.0412994839539272,TRUE,FALSE
"195",100,"AT1G14670",0.0413436220300084,TRUE,FALSE
"196",1681,"AT5G44390",0.0419577020218114,TRUE,FALSE
"197",1397,"AT4G37520",0.0422996459676375,TRUE,FALSE
"198",523,"AT2G06520",0.043440954411291,TRUE,FALSE
"199",1340,"AT4G30390",0.0441847098117503,TRUE,FALSE
"200",390,"AT1G68010",0.0442175895112965,TRUE,FALSE
"201",641,"AT2G30980",0.0446909594767886,TRUE,FALSE
"202",1732,"AT5G51100",0.0460686114637252,TRUE,FALSE
"203",1311,"AT4G26910",0.0461301601490072,TRUE,FALSE
"204",565,"AT2G20720",0.046602806801528,TRUE,FALSE
"205",1606,"AT5G25940",0.0466617228134478,TRUE,FALSE
"206",1343,"AT4G30580",0.0466632164742393,TRUE,FALSE
"207",1801,"AT5G60410",0.046667212164637,TRUE,FALSE
"208",1591,"AT5G24300",0.046673657402823,TRUE,FALSE
"209",1112,"AT3G60540",0.0468062099711992,TRUE,FALSE
"210",1813,"AT5G62480",0.047664601851233,TRUE,FALSE
"211",1028,"AT3G50920",0.0480357158701125,TRUE,FALSE
"212",1328,"AT4G29740",0.0481265336222819,TRUE,FALSE
"213",489,"AT1G79430",0.0481268918320912,TRUE,FALSE
"214",525,"AT2G07360",0.0481281181297282,TRUE,FALSE
"215",1724,"AT5G49730",0.0481316102192038,TRUE,FALSE
"216",703,"AT2G38460",0.0481353465463679,TRUE,FALSE
"217",1025,"AT3G50560",0.0481353465475428,TRUE,FALSE
"218",552,"AT2G18245",0.0481809213140279,TRUE,FALSE
"219",1107,"AT3G59920",0.0481815937608391,TRUE,FALSE
"220",807,"AT3G06140",0.0481816241978549,TRUE,FALSE
"221",878,"AT3G14980",0.0481822726942404,TRUE,FALSE
"222",1411,"AT4G39040",0.0481838082699551,TRUE,FALSE
"223",1271,"AT4G22890",0.0481840868976547,TRUE,FALSE
"224",544,"AT2G17230",0.0481851227148452,TRUE,FALSE
"225",396,"AT1G68710",0.0489126664102743,TRUE,FALSE
"226",1847,"AT5G67080",0.0499384173186102,TRUE,FALSE
"227",9,"AT1G02080",0.0499393015619536,TRUE,FALSE
"228",1830,"AT5G64130",0.0499405347453871,TRUE,FALSE
"229",1536,"AT5G15640",0.0499811279492303,TRUE,FALSE
"230",957,"AT3G27690",0.0511046443669272,FALSE,FALSE
"231",1640,"AT5G38250",0.0529807574743966,FALSE,FALSE
"232",1402,"AT4G37870",0.0532896767919117,FALSE,FALSE
"233",1293,"AT4G24750",0.0534764104278494,FALSE,FALSE
"234",573,"AT2G21500",0.0534800917386367,FALSE,FALSE
"235",208,"AT1G29390",0.053482356644604,FALSE,FALSE
"236",1751,"AT5G54250",0.053564766797168,FALSE,FALSE
"237",753,"AT2G44660",0.0543536567914791,FALSE,FALSE
"238",1468,"AT5G08000",0.0543542402058509,FALSE,FALSE
"239",810,"AT3G06490",0.0543545663513988,FALSE,FALSE
"240",1173,"AT4G09890",0.0543545663549964,FALSE,FALSE
"241",432,"AT1G73260",0.0543554171674238,FALSE,FALSE
"242",783,"AT3G02040",0.0545825343390586,FALSE,FALSE
"243",308,"AT1G55260",0.0556404479541008,FALSE,FALSE
"244",1688,"AT5G45000",0.0559800743604705,FALSE,FALSE
"245",968,"AT3G42433",0.0562657873159802,FALSE,FALSE
"246",876,"AT3G14620",0.0563430982892801,FALSE,FALSE
"247",56,"AT1G09932",0.0570626309401337,FALSE,FALSE
"248",1502,"AT5G12340",0.0570629441703643,FALSE,FALSE
"249",848,"AT3G12587",0.0570629441707838,FALSE,FALSE
"250",1157,"AT4G04330",0.0573424259988281,FALSE,FALSE
"251",512,"AT2G02970",0.0578416921995366,FALSE,FALSE
"252",633,"AT2G30400",0.0578432541791572,FALSE,FALSE
"253",1287,"AT4G23895",0.0578444964640013,FALSE,FALSE
"254",46,"AT1G08040",0.0578547790014154,FALSE,FALSE
"255",1014,"AT3G49350",0.0578553194753671,FALSE,FALSE
"256",132,"AT1G18300",0.0580457079477946,FALSE,FALSE
"257",1439,"AT5G02850",0.058505893229295,FALSE,FALSE
"258",1334,"AT4G30100",0.058505893229299,FALSE,FALSE
"259",1076,"AT3G55150",0.0599073306492265,FALSE,FALSE
"260",945,"AT3G26100",0.0600494689737322,FALSE,FALSE
"261",685,"AT2G35980",0.0605159458037231,FALSE,FALSE
"262",671,"AT2G34620",0.0605255531321225,FALSE,FALSE
"263",27,"AT1G04480",0.0618510508277207,FALSE,FALSE
"264",1510,"AT5G13190",0.061853398534625,FALSE,FALSE
"265",705,"AT2G38940",0.0619209603653466,FALSE,FALSE
"266",782,"AT3G01980",0.0621625016772347,FALSE,FALSE
"267",905,"AT3G19260",0.0635107451475717,FALSE,FALSE
"268",1077,"AT3G55240",0.0645915328329141,FALSE,FALSE
"269",654,"AT2G32100",0.0648115984111515,FALSE,FALSE
"270",1321,"AT4G29070",0.0648136970160908,FALSE,FALSE
"271",709,"AT2G39380",0.064818616867319,FALSE,FALSE
"272",695,"AT2G37250",0.0648289559972808,FALSE,FALSE
"273",362,"AT1G65060",0.0663398338326745,FALSE,FALSE
"274",151,"AT1G20190",0.0663471213728775,FALSE,FALSE
"275",819,"AT3G08530",0.0669186376215275,FALSE,FALSE
"276",435,"AT1G73740",0.0671178787554709,FALSE,FALSE
"277",1060,"AT3G53410",0.0674051888273319,FALSE,FALSE
"278",1785,"AT5G58340",0.0674064361536936,FALSE,FALSE
"279",1127,"AT3G63170",0.0674090227327294,FALSE,FALSE
"280",1199,"AT4G14100",0.0674125354270615,FALSE,FALSE
"281",1693,"AT5G45410",0.0677093499311876,FALSE,FALSE
"282",1217,"AT4G16563",0.0680628925631368,FALSE,FALSE
"283",886,"AT3G16180",0.068116541769832,FALSE,FALSE
"284",1680,"AT5G44380",0.0681191238866891,FALSE,FALSE
"285",1291,"AT4G24660",0.0681196920524906,FALSE,FALSE
"286",644,"AT2G31090",0.0681220767390753,FALSE,FALSE
"287",950,"AT3G26500",0.0686436052639978,FALSE,FALSE
"288",29,"AT1G05000",0.0691028074769982,FALSE,FALSE
"289",1602,"AT5G25260",0.069283171346074,FALSE,FALSE
"290",1733,"AT5G51545",0.0694131528047063,FALSE,FALSE
"291",1216,"AT4G16442",0.0694137674788529,FALSE,FALSE
"292",387,"AT1G67630",0.0694216647239785,FALSE,FALSE
"293",1327,"AT4G29700",0.0697714702450666,FALSE,FALSE
"294",1079,"AT3G55500",0.0703998150138283,FALSE,FALSE
"295",778,"AT3G01280",0.0715128957162314,FALSE,FALSE
"296",1549,"AT5G16650",0.0735059807838987,FALSE,FALSE
"297",1605,"AT5G25930",0.0735070942541253,FALSE,FALSE
"298",481,"AT1G78460",0.0735086272625532,FALSE,FALSE
"299",230,"AT1G32090",0.0735156301589168,FALSE,FALSE
"300",1440,"AT5G03110",0.0738114499921291,FALSE,FALSE
"301",751,"AT2G44640",0.074195847484724,FALSE,FALSE
"302",1398,"AT4G37530",0.0750197577744099,FALSE,FALSE
"303",1832,"AT5G64460",0.0750202202589209,FALSE,FALSE
"304",631,"AT2G30140",0.0750223290227621,FALSE,FALSE
"305",253,"AT1G44350",0.0750229189845485,FALSE,FALSE
"306",856,"AT3G13120",0.0784242208711178,FALSE,FALSE
"307",1155,"AT4G03460",0.0784655072877385,FALSE,FALSE
"308",1203,"AT4G14740",0.0787386873493611,FALSE,FALSE
"309",371,"AT1G65730",0.0787391410926335,FALSE,FALSE
"310",772,"AT2G47800",0.0787431497006112,FALSE,FALSE
"311",958,"AT3G27750",0.0788913234110629,FALSE,FALSE
"312",140,"AT1G19330",0.0790505367891285,FALSE,FALSE
"313",1179,"AT4G10930",0.0795166868357975,FALSE,FALSE
"314",225,"AT1G31173",0.080260646178668,FALSE,FALSE
"315",48,"AT1G08090",0.0808537921457714,FALSE,FALSE
"316",343,"AT1G62430",0.0816079119108184,FALSE,FALSE
"317",417,"AT1G71220",0.0823286887128523,FALSE,FALSE
"318",910,"AT3G20770",0.0823313975579836,FALSE,FALSE
"319",128,"AT1G17850",0.0824877308072751,FALSE,FALSE
"320",1221,"AT4G17150",0.0824890726785667,FALSE,FALSE
"321",90,"AT1G14030",0.0824895884735306,FALSE,FALSE
"322",1621,"AT5G28770",0.0824895884742573,FALSE,FALSE
"323",800,"AT3G04450",0.0824975292313796,FALSE,FALSE
"324",195,"AT1G27760",0.082514871465948,FALSE,FALSE
"325",1004,"AT3G48195",0.0831739116386538,FALSE,FALSE
"326",1020,"AT3G50260",0.0831747503481263,FALSE,FALSE
"327",1634,"AT5G37490",0.0834716155650619,FALSE,FALSE
"328",1052,"AT3G52750",0.0837239455608036,FALSE,FALSE
"329",1273,"AT4G23020",0.0848244809758393,FALSE,FALSE
"330",170,"AT1G22470",0.0858370842251693,FALSE,FALSE
"331",535,"AT2G15490",0.08609104991645,FALSE,FALSE
"332",1595,"AT5G24570",0.0865236625176275,FALSE,FALSE
"333",1582,"AT5G23510",0.0879569558006867,FALSE,FALSE
"334",1244,"AT4G19230",0.0879569558006953,FALSE,FALSE
"335",1615,"AT5G27430",0.0891778533148105,FALSE,FALSE
"336",917,"AT3G21230",0.089537040543862,FALSE,FALSE
"337",1823,"AT5G63800",0.0895373985912303,FALSE,FALSE
"338",798,"AT3G04340",0.0895424736969489,FALSE,FALSE
"339",1258,"AT4G21120",0.0895433555569377,FALSE,FALSE
"340",1744,"AT5G52920",0.0912204129812721,FALSE,FALSE
"341",677,"AT2G35130",0.0919225528749413,FALSE,FALSE
"342",83,"AT1G13250",0.0935206640431489,FALSE,FALSE
"343",1236,"AT4G18740",0.0936297479932458,FALSE,FALSE
"344",547,"AT2G17520",0.0942583699955188,FALSE,FALSE
"345",1029,"AT3G50950",0.0942685370818578,FALSE,FALSE
"346",492,"AT1G79600",0.0951116732970772,FALSE,FALSE
"347",81,"AT1G13090",0.0959108122917123,FALSE,FALSE
"348",1092,"AT3G57050",0.0959116065966286,FALSE,FALSE
"349",303,"AT1G54115",0.0959124291776254,FALSE,FALSE
"350",498,"AT1G80450",0.0959139244423403,FALSE,FALSE
"351",1116,"AT3G61630",0.0959139244519169,FALSE,FALSE
"352",473,"AT1G77440",0.0959178206067199,FALSE,FALSE
"353",1310,"AT4G26890",0.0971511615088173,FALSE,FALSE
"354",61,"AT1G10560",0.0971575387492958,FALSE,FALSE
"355",786,"AT3G02468",0.0971575387522373,FALSE,FALSE
"356",1745,"AT5G53050",0.0972085832332281,FALSE,FALSE
"357",18,"AT1G02930",0.0984616137605436,FALSE,FALSE
"358",1489,"AT5G10800",0.0993699528073737,FALSE,FALSE
"359",996,"AT3G46930",0.0993710586323077,FALSE,FALSE
"360",1546,"AT5G16310",0.0993732935763254,FALSE,FALSE
"361",101,"AT1G14700",0.09937388966663,FALSE,FALSE
"362",266,"AT1G49560",0.09937388966663,FALSE,FALSE
"363",948,"AT3G26300",0.0993738896716154,FALSE,FALSE
"364",1233,"AT4G18530",0.0993738896717532,FALSE,FALSE
"365",531,"AT2G15020",0.0993759580585045,FALSE,FALSE
"366",949,"AT3G26310",0.0993781347475791,FALSE,FALSE
"367",109,"AT1G15490",0.0995188217037658,FALSE,FALSE
"368",1353,"AT4G31920",0.0996772272079417,FALSE,FALSE
"369",702,"AT2G38310",0.099724086423184,FALSE,FALSE
"370",1588,"AT5G24155",0.0997936830191828,FALSE,FALSE
"371",1407,"AT4G38750",0.100029045416747,FALSE,FALSE
"372",1135,"AT4G00755",0.100033394017686,FALSE,FALSE
"373",1058,"AT3G53260",0.100034915270411,FALSE,FALSE
"374",337,"AT1G61360",0.100036219313836,FALSE,FALSE
"375",374,"AT1G66130",0.10003777437141,FALSE,FALSE
"376",1664,"AT5G42140",0.100043051380001,FALSE,FALSE
"377",142,"AT1G19380",0.10012771021221,FALSE,FALSE
"378",1345,"AT4G30890",0.100404205356061,FALSE,FALSE
"379",1051,"AT3G52450",0.100411251399965,FALSE,FALSE
"380",1022,"AT3G50470",0.100634986927766,FALSE,FALSE
"381",669,"AT2G34560",0.100651925151753,FALSE,FALSE
"382",333,"AT1G61120",0.101722818420561,FALSE,FALSE
"383",127,"AT1G17530",0.101807719682374,FALSE,FALSE
"384",488,"AT1G79230",0.101949302065122,FALSE,FALSE
"385",1099,"AT3G58520",0.102317259571984,FALSE,FALSE
"386",281,"AT1G51850",0.10284606705414,FALSE,FALSE
"387",836,"AT3G10985",0.103438002813875,FALSE,FALSE
"388",1322,"AT4G29240",0.104262917144982,FALSE,FALSE
"389",668,"AT2G34430",0.104620898998249,FALSE,FALSE
"390",1049,"AT3G52260",0.105002057884886,FALSE,FALSE
"391",1283,"AT4G23550",0.105896333866267,FALSE,FALSE
"392",1544,"AT5G16150",0.107003041488281,FALSE,FALSE
"393",1269,"AT4G22530",0.108268798945389,FALSE,FALSE
"394",1752,"AT5G54310",0.108995335501695,FALSE,FALSE
"395",941,"AT3G25610",0.10899852727605,FALSE,FALSE
"396",1186,"AT4G11890",0.109433596358978,FALSE,FALSE
"397",1758,"AT5G55930",0.10943427933938,FALSE,FALSE
"398",209,"AT1G29660",0.10943427934047,FALSE,FALSE
"399",126,"AT1G17380",0.109438474454178,FALSE,FALSE
"400",1347,"AT4G30993",0.109440517545562,FALSE,FALSE
"401",1554,"AT5G17840",0.109442181630338,FALSE,FALSE
"402",1441,"AT5G03120",0.109446668747626,FALSE,FALSE
"403",962,"AT3G29030",0.11034046289477,FALSE,FALSE
"404",1721,"AT5G48930",0.111248691744,FALSE,FALSE
"405",1133,"AT4G00570",0.112644450155812,FALSE,FALSE
"406",495,"AT1G80160",0.113122024932858,FALSE,FALSE
"407",812,"AT3G07090",0.113383982051095,FALSE,FALSE
"408",946,"AT3G26180",0.11376969247903,FALSE,FALSE
"409",805,"AT3G05380",0.114274523628143,FALSE,FALSE
"410",238,"AT1G32960",0.114480938613937,FALSE,FALSE
"411",1276,"AT4G23220",0.115748353015092,FALSE,FALSE
"412",1699,"AT5G46110",0.116488563098993,FALSE,FALSE
"413",1775,"AT5G57887",0.11662729676807,FALSE,FALSE
"414",355,"AT1G64355",0.117210635910545,FALSE,FALSE
"415",1105,"AT3G59700",0.11721181615577,FALSE,FALSE
"416",578,"AT2G22740",0.117216249344893,FALSE,FALSE
"417",137,"AT1G19050",0.117217011815967,FALSE,FALSE
"418",667,"AT2G34410",0.11721715321863,FALSE,FALSE
"419",1260,"AT4G21390",0.117219070515646,FALSE,FALSE
"420",1809,"AT5G61890",0.117224418421839,FALSE,FALSE
"421",1255,"AT4G20840",0.117243383710316,FALSE,FALSE
"422",234,"AT1G32470",0.117802906777535,FALSE,FALSE
"423",1772,"AT5G57510",0.11818168751993,FALSE,FALSE
"424",480,"AT1G78450",0.11819032150241,FALSE,FALSE
"425",1178,"AT4G10600",0.118215422506608,FALSE,FALSE
"426",515,"AT2G03780",0.119461952761723,FALSE,FALSE
"427",249,"AT1G43560",0.12068071223144,FALSE,FALSE
"428",1618,"AT5G27990",0.121402049876611,FALSE,FALSE
"429",1250,"AT4G20280",0.121428430234824,FALSE,FALSE
"430",1610,"AT5G26220",0.121429077887613,FALSE,FALSE
"431",1066,"AT3G54420",0.121430683342309,FALSE,FALSE
"432",908,"AT3G20070",0.121430806156633,FALSE,FALSE
"433",210,"AT1G29800",0.121432335164799,FALSE,FALSE
"434",1672,"AT5G43580",0.121433481376935,FALSE,FALSE
"435",1796,"AT5G59710",0.121435324152568,FALSE,FALSE
"436",1669,"AT5G43170",0.121436000411943,FALSE,FALSE
"437",221,"AT1G30757",0.12143785249248,FALSE,FALSE
"438",758,"AT2G45470",0.122000345503308,FALSE,FALSE
"439",627,"AT2G29980",0.122006769332068,FALSE,FALSE
"440",925,"AT3G22260",0.12288659997905,FALSE,FALSE
"441",623,"AT2G29400",0.122887588634189,FALSE,FALSE
"442",951,"AT3G26520",0.123960826098901,FALSE,FALSE
"443",1048,"AT3G52200",0.125167040838939,FALSE,FALSE
"444",1103,"AT3G59310",0.12584544560129,FALSE,FALSE
"445",1711,"AT5G47480",0.1265541341822,FALSE,FALSE
"446",1351,"AT4G31770",0.129023441957238,FALSE,FALSE
"447",501,"AT1G80610",0.129049477910454,FALSE,FALSE
"448",1526,"AT5G14320",0.130701103917675,FALSE,FALSE
"449",487,"AT1G79080",0.132614608256435,FALSE,FALSE
"450",1795,"AT5G59670",0.133618576354247,FALSE,FALSE
"451",1702,"AT5G46260",0.134073451867071,FALSE,FALSE
"452",255,"AT1G44750",0.134300019910885,FALSE,FALSE
"453",1594,"AT5G24490",0.134302301534828,FALSE,FALSE
"454",769,"AT2G47485",0.134307760065488,FALSE,FALSE
"455",1134,"AT4G00650",0.134639554766971,FALSE,FALSE
"456",1389,"AT4G36650",0.135457025377651,FALSE,FALSE
"457",1740,"AT5G52280",0.136146833323785,FALSE,FALSE
"458",327,"AT1G60220",0.138154935224344,FALSE,FALSE
"459",321,"AT1G59610",0.13826428941325,FALSE,FALSE
"460",673,"AT2G34840",0.140843400279532,FALSE,FALSE
"461",121,"AT1G16340",0.143331681274354,FALSE,FALSE
"462",1299,"AT4G25350",0.14366570820216,FALSE,FALSE
"463",1209,"AT4G15680",0.143787183801043,FALSE,FALSE
"464",1655,"AT5G41040",0.143790673691072,FALSE,FALSE
"465",1798,"AT5G59900",0.143791411385864,FALSE,FALSE
"466",70,"AT1G11750",0.144425064517301,FALSE,FALSE
"467",1147,"AT4G02330",0.144867049109396,FALSE,FALSE
"468",1756,"AT5G55050",0.145056690193188,FALSE,FALSE
"469",1266,"AT4G22070",0.147403687431792,FALSE,FALSE
"470",974,"AT3G43510",0.147403687439219,FALSE,FALSE
"471",665,"AT2G34170",0.147404662158011,FALSE,FALSE
"472",1405,"AT4G38020",0.147411342572005,FALSE,FALSE
"473",1614,"AT5G27420",0.149143866609276,FALSE,FALSE
"474",1121,"AT3G62550",0.149145820294422,FALSE,FALSE
"475",1687,"AT5G44785",0.149145820358555,FALSE,FALSE
"476",619,"AT2G28605",0.149149302874214,FALSE,FALSE
"477",1553,"AT5G17450",0.149149302893129,FALSE,FALSE
"478",32,"AT1G05300",0.149149580900785,FALSE,FALSE
"479",721,"AT2G40610",0.15082748840472,FALSE,FALSE
"480",608,"AT2G26780",0.151051518782889,FALSE,FALSE
"481",38,"AT1G06830",0.151053318268708,FALSE,FALSE
"482",1207,"AT4G15233",0.151057016039719,FALSE,FALSE
"483",1185,"AT4G11850",0.151078064023859,FALSE,FALSE
"484",1337,"AT4G30190",0.153129958770294,FALSE,FALSE
"485",1136,"AT4G00970",0.15330572506086,FALSE,FALSE
"486",464,"AT1G76390",0.155384860039722,FALSE,FALSE
"487",1085,"AT3G55970",0.15816839633804,FALSE,FALSE
"488",900,"AT3G18440",0.158912609711016,FALSE,FALSE
"489",607,"AT2G26740",0.159010076087418,FALSE,FALSE
"490",1338,"AT4G30260",0.159717444650516,FALSE,FALSE
"491",314,"AT1G56260",0.159744491347345,FALSE,FALSE
"492",298,"AT1G53310",0.161161032751863,FALSE,FALSE
"493",879,"AT3G15095",0.161830966643763,FALSE,FALSE
"494",434,"AT1G73500",0.16183195122898,FALSE,FALSE
"495",1838,"AT5G65200",0.161838139109921,FALSE,FALSE
"496",186,"AT1G24530",0.162584259214122,FALSE,FALSE
"497",188,"AT1G25390",0.165412484280371,FALSE,FALSE
"498",88,"AT1G13860",0.165659775507009,FALSE,FALSE
"499",921,"AT3G22150",0.165661552367753,FALSE,FALSE
"500",1355,"AT4G32650",0.165661629058485,FALSE,FALSE
"501",985,"AT3G45600",0.165664699525993,FALSE,FALSE
"502",1428,"AT5G01650",0.165667110762719,FALSE,FALSE
"503",275,"AT1G51500",0.165668098143428,FALSE,FALSE
"504",1229,"AT4G18270",0.165668974771719,FALSE,FALSE
"505",102,"AT1G14790",0.165668974793868,FALSE,FALSE
"506",428,"AT1G72520",0.167328663430245,FALSE,FALSE
"507",1720,"AT5G48540",0.167328663430245,FALSE,FALSE
"508",1041,"AT3G51730",0.167330765157274,FALSE,FALSE
"509",938,"AT3G24730",0.169005226084066,FALSE,FALSE
"510",820,"AT3G08740",0.169011811543133,FALSE,FALSE
"511",688,"AT2G36355",0.169414903504935,FALSE,FALSE
"512",438,"AT1G74100",0.170834758135325,FALSE,FALSE
"513",65,"AT1G11310",0.171300637693502,FALSE,FALSE
"514",1224,"AT4G17600",0.17417414387118,FALSE,FALSE
"515",713,"AT2G39710",0.174293116567641,FALSE,FALSE
"516",482,"AT1G78570",0.175889346484092,FALSE,FALSE
"517",1670,"AT5G43450",0.176090833663586,FALSE,FALSE
"518",1374,"AT4G34900",0.177190200559277,FALSE,FALSE
"519",1743,"AT5G52870",0.177190338176714,FALSE,FALSE
"520",1562,"AT5G18750",0.177191573880075,FALSE,FALSE
"521",1376,"AT4G35080",0.177495355447967,FALSE,FALSE
"522",63,"AT1G10950",0.177872487085028,FALSE,FALSE
"523",845,"AT3G12520",0.178461257401762,FALSE,FALSE
"524",977,"AT3G44680",0.178461257404511,FALSE,FALSE
"525",1799,"AT5G59970",0.178466066128482,FALSE,FALSE
"526",1848,"AT5G67090",0.178468280550338,FALSE,FALSE
"527",1219,"AT4G16980",0.178734402982338,FALSE,FALSE
"528",598,"AT2G25250",0.179012038220071,FALSE,FALSE
"529",929,"AT3G22620",0.182182994523711,FALSE,FALSE
"530",1808,"AT5G61560",0.183033550334935,FALSE,FALSE
"531",791,"AT3G02875",0.183034083406969,FALSE,FALSE
"532",198,"AT1G28150",0.18303408341566,FALSE,FALSE
"533",663,"AT2G33590",0.183034608704415,FALSE,FALSE
"534",1753,"AT5G54660",0.183037191635459,FALSE,FALSE
"535",1110,"AT3G60380",0.183041663228827,FALSE,FALSE
"536",490,"AT1G79460",0.183045645120302,FALSE,FALSE
"537",1172,"AT4G09420",0.18315363386703,FALSE,FALSE
"538",1701,"AT5G46240",0.18357570963223,FALSE,FALSE
"539",692,"AT2G36880",0.183826060935837,FALSE,FALSE
"540",502,"AT1G80820",0.185541900544313,FALSE,FALSE
"541",1449,"AT5G04360",0.186156968604573,FALSE,FALSE
"542",823,"AT3G09010",0.186685220115732,FALSE,FALSE
"543",1158,"AT4G04340",0.186685998390936,FALSE,FALSE
"544",1820,"AT5G63490",0.186687935525589,FALSE,FALSE
"545",510,"AT2G02060",0.186688630482238,FALSE,FALSE
"546",7,"AT1G01960",0.186688630494454,FALSE,FALSE
"547",458,"AT1G76140",0.186690279882302,FALSE,FALSE
"548",1206,"AT4G15010",0.18669353644381,FALSE,FALSE
"549",1442,"AT5G03370",0.186695698308836,FALSE,FALSE
"550",448,"AT1G75280",0.186698684928869,FALSE,FALSE
"551",1473,"AT5G08390",0.186700140488367,FALSE,FALSE
"552",408,"AT1G70280",0.186703133404411,FALSE,FALSE
"553",902,"AT3G18680",0.187881966265302,FALSE,FALSE
"554",1484,"AT5G10480",0.188417898535232,FALSE,FALSE
"555",511,"AT2G02180",0.190770920316045,FALSE,FALSE
"556",866,"AT3G14060",0.191348272449241,FALSE,FALSE
"557",621,"AT2G29120",0.191463364678842,FALSE,FALSE
"558",1541,"AT5G15960",0.191676777864738,FALSE,FALSE
"559",494,"AT1G80150",0.192782275553882,FALSE,FALSE
"560",1212,"AT4G15790",0.193683736996125,FALSE,FALSE
"561",586,"AT2G23320",0.194118873376298,FALSE,FALSE
"562",737,"AT2G43060",0.194528186318651,FALSE,FALSE
"563",1257,"AT4G20930",0.194877913510007,FALSE,FALSE
"564",656,"AT2G32440",0.196001882206099,FALSE,FALSE
"565",534,"AT2G15390",0.197022578721703,FALSE,FALSE
"566",1718,"AT5G48380",0.19777121035096,FALSE,FALSE
"567",164,"AT1G21670",0.197789201667499,FALSE,FALSE
"568",1068,"AT3G54620",0.198156724581202,FALSE,FALSE
"569",1519,"AT5G13550",0.198159338012625,FALSE,FALSE
"570",271,"AT1G50900",0.198163152833909,FALSE,FALSE
"571",1568,"AT5G19875",0.198165268584686,FALSE,FALSE
"572",1043,"AT3G52140",0.198620745852974,FALSE,FALSE
"573",445,"AT1G75190",0.199133520971189,FALSE,FALSE
"574",1350,"AT4G31580",0.200910834458085,FALSE,FALSE
"575",1210,"AT4G15730",0.201082605240252,FALSE,FALSE
"576",1483,"AT5G10300",0.203247191213916,FALSE,FALSE
"577",1503,"AT5G12400",0.204796743143083,FALSE,FALSE
"578",119,"AT1G16090",0.204971967066834,FALSE,FALSE
"579",274,"AT1G51110",0.20534522697236,FALSE,FALSE
"580",1265,"AT4G21920",0.205691587725827,FALSE,FALSE
"581",969,"AT3G43210",0.205692470414236,FALSE,FALSE
"582",1631,"AT5G37290",0.205693762695781,FALSE,FALSE
"583",1298,"AT4G25260",0.205695732458981,FALSE,FALSE
"584",79,"AT1G13050",0.205698909777041,FALSE,FALSE
"585",1826,"AT5G64000",0.205699977499623,FALSE,FALSE
"586",734,"AT2G42390",0.205702318070539,FALSE,FALSE
"587",1387,"AT4G36550",0.205711647790471,FALSE,FALSE
"588",1716,"AT5G47880",0.206712352619499,FALSE,FALSE
"589",1780,"AT5G58250",0.206712946504104,FALSE,FALSE
"590",1240,"AT4G18980",0.20671376149564,FALSE,FALSE
"591",672,"AT2G34710",0.206714461182399,FALSE,FALSE
"592",618,"AT2G28110",0.206715398194,FALSE,FALSE
"593",1461,"AT5G06570",0.206715398194,FALSE,FALSE
"594",10,"AT1G02110",0.206718132544643,FALSE,FALSE
"595",1829,"AT5G64120",0.206720189160715,FALSE,FALSE
"596",179,"AT1G23710",0.206720189162983,FALSE,FALSE
"597",116,"AT1G15860",0.20673711608161,FALSE,FALSE
"598",173,"AT1G22900",0.208300531539168,FALSE,FALSE
"599",356,"AT1G64400",0.208638554452644,FALSE,FALSE
"600",890,"AT3G16830",0.208821712418374,FALSE,FALSE
"601",1120,"AT3G62410",0.209013386603407,FALSE,FALSE
"602",1816,"AT5G62840",0.209433532494123,FALSE,FALSE
"603",1198,"AT4G13730",0.209449192084314,FALSE,FALSE
"604",280,"AT1G51820",0.211164971235173,FALSE,FALSE
"605",181,"AT1G24120",0.21146334161344,FALSE,FALSE
"606",357,"AT1G64510",0.21224513168928,FALSE,FALSE
"607",455,"AT1G76070",0.212682788210895,FALSE,FALSE
"608",338,"AT1G61380",0.212686852743448,FALSE,FALSE
"609",37,"AT1G06690",0.212692619927921,FALSE,FALSE
"610",465,"AT1G76450",0.213332353651499,FALSE,FALSE
"611",1457,"AT5G05690",0.2143905007118,FALSE,FALSE
"612",67,"AT1G11580",0.214578063736256,FALSE,FALSE
"613",632,"AT2G30395",0.215252978334402,FALSE,FALSE
"614",1569,"AT5G19940",0.215328156316531,FALSE,FALSE
"615",130,"AT1G17890",0.215589878207104,FALSE,FALSE
"616",806,"AT3G05675",0.21565573579904,FALSE,FALSE
"617",235,"AT1G32583",0.215655735799043,FALSE,FALSE
"618",484,"AT1G78915",0.216723029919853,FALSE,FALSE
"619",1839,"AT5G65390",0.21672302996467,FALSE,FALSE
"620",1247,"AT4G19810",0.21678362249391,FALSE,FALSE
"621",379,"AT1G66880",0.217035034341507,FALSE,FALSE
"622",1308,"AT4G26530",0.218308806186644,FALSE,FALSE
"623",1555,"AT5G17860",0.218321342465148,FALSE,FALSE
"624",1046,"AT3G52170",0.2195084011051,FALSE,FALSE
"625",1788,"AT5G58480",0.219508401107833,FALSE,FALSE
"626",804,"AT3G05360",0.219509492969597,FALSE,FALSE
"627",1747,"AT5G53580",0.219509646434583,FALSE,FALSE
"628",260,"AT1G48175",0.219511806449761,FALSE,FALSE
"629",1086,"AT3G56040",0.219650354226116,FALSE,FALSE
"630",1516,"AT5G13420",0.220552868749123,FALSE,FALSE
"631",1275,"AT4G23215",0.225007721800684,FALSE,FALSE
"632",1635,"AT5G37600",0.225535733528153,FALSE,FALSE
"633",1514,"AT5G13370",0.225693269353589,FALSE,FALSE
"634",26,"AT1G04420",0.225693269380763,FALSE,FALSE
"635",66,"AT1G11530",0.225696310339434,FALSE,FALSE
"636",1727,"AT5G50280",0.225696310368584,FALSE,FALSE
"637",1571,"AT5G20150",0.225698134172616,FALSE,FALSE
"638",1242,"AT4G19100",0.225698231974935,FALSE,FALSE
"639",1026,"AT3G50685",0.225703213520812,FALSE,FALSE
"640",959,"AT3G28040",0.225705383455756,FALSE,FALSE
"641",1007,"AT3G48570",0.226605070842089,FALSE,FALSE
"642",226,"AT1G31420",0.226605538829996,FALSE,FALSE
"643",385,"AT1G67090",0.227031865438702,FALSE,FALSE
"644",348,"AT1G62820",0.227547926851598,FALSE,FALSE
"645",262,"AT1G48480",0.227796373656475,FALSE,FALSE
"646",1676,"AT5G44005",0.229543778135622,FALSE,FALSE
"647",346,"AT1G62660",0.229778691129475,FALSE,FALSE
"648",1607,"AT5G26030",0.231075786534008,FALSE,FALSE
"649",1677,"AT5G44020",0.232343633092654,FALSE,FALSE
"650",1819,"AT5G63050",0.232359300664585,FALSE,FALSE
"651",168,"AT1G22370",0.232360980063506,FALSE,FALSE
"652",750,"AT2G44600",0.23236476286518,FALSE,FALSE
"653",1508,"AT5G13080",0.233598237887479,FALSE,FALSE
"654",55,"AT1G09780",0.235926031935796,FALSE,FALSE
"655",1034,"AT3G51340",0.23843167824844,FALSE,FALSE
"656",1432,"AT5G01950",0.238561890860031,FALSE,FALSE
"657",1692,"AT5G45380",0.239865595965321,FALSE,FALSE
"658",241,"AT1G34000",0.239941211354295,FALSE,FALSE
"659",1167,"AT4G08555",0.239941906405249,FALSE,FALSE
"660",264,"AT1G48900",0.243654453767268,FALSE,FALSE
"661",1648,"AT5G39580",0.243654453767737,FALSE,FALSE
"662",1011,"AT3G48890",0.243654651260464,FALSE,FALSE
"663",326,"AT1G60010",0.243670246913899,FALSE,FALSE
"664",214,"AT1G30135",0.246235694259925,FALSE,FALSE
"665",277,"AT1G51680",0.248866436091022,FALSE,FALSE
"666",49,"AT1G08110",0.249210439006608,FALSE,FALSE
"667",407,"AT1G70160",0.250451818664661,FALSE,FALSE
"668",363,"AT1G65230",0.252713147795616,FALSE,FALSE
"669",1448,"AT5G03940",0.252715682849234,FALSE,FALSE
"670",912,"AT3G20820",0.252718935102091,FALSE,FALSE
"671",1171,"AT4G09040",0.252722699401716,FALSE,FALSE
"672",1180,"AT4G11170",0.25646296348014,FALSE,FALSE
"673",155,"AT1G20890",0.256462963480142,FALSE,FALSE
"674",1083,"AT3G55740",0.257087317683934,FALSE,FALSE
"675",285,"AT1G52342",0.257087317698156,FALSE,FALSE
"676",979,"AT3G44735",0.257087317699222,FALSE,FALSE
"677",1225,"AT4G17615",0.25708914573578,FALSE,FALSE
"678",1542,"AT5G16030",0.257092534723664,FALSE,FALSE
"679",351,"AT1G63750",0.257093550331683,FALSE,FALSE
"680",39,"AT1G07020",0.257097971198349,FALSE,FALSE
"681",12,"AT1G02360",0.257100263933681,FALSE,FALSE
"682",1691,"AT5G45340",0.257676388205405,FALSE,FALSE
"683",1231,"AT4G18430",0.25767865639542,FALSE,FALSE
"684",300,"AT1G53450",0.257681346030999,FALSE,FALSE
"685",1284,"AT4G23610",0.257685666203937,FALSE,FALSE
"686",1762,"AT5G56170",0.260596658917542,FALSE,FALSE
"687",1710,"AT5G47420",0.260596658978688,FALSE,FALSE
"688",704,"AT2G38550",0.260601778236699,FALSE,FALSE
"689",1629,"AT5G36220",0.260604057440485,FALSE,FALSE
"690",1609,"AT5G26180",0.261070630055464,FALSE,FALSE
"691",796,"AT3G04130",0.261429009649328,FALSE,FALSE
"692",256,"AT1G44920",0.263908409131513,FALSE,FALSE
"693",1106,"AT3G59778",0.265434966603017,FALSE,FALSE
"694",1486,"AT5G10670",0.265824877385751,FALSE,FALSE
"695",217,"AT1G30700",0.265912432911073,FALSE,FALSE
"696",1235,"AT4G18590",0.266159070478926,FALSE,FALSE
"697",597,"AT2G25080",0.266821533005834,FALSE,FALSE
"698",698,"AT2G37710",0.267095508718877,FALSE,FALSE
"699",381,"AT1G66920",0.267316241212657,FALSE,FALSE
"700",325,"AT1G59870",0.269001750397207,FALSE,FALSE
"701",1797,"AT5G59820",0.2696283117804,FALSE,FALSE
"702",158,"AT1G21100",0.269812818982274,FALSE,FALSE
"703",903,"AT3G18710",0.269812818982274,FALSE,FALSE
"704",44,"AT1G07830",0.273442636665362,FALSE,FALSE
"705",1163,"AT4G06676",0.273449806643562,FALSE,FALSE
"706",418,"AT1G71410",0.273521050561136,FALSE,FALSE
"707",1763,"AT5G56190",0.273859272396923,FALSE,FALSE
"708",731,"AT2G42220",0.276607180701818,FALSE,FALSE
"709",144,"AT1G19640",0.276612905943179,FALSE,FALSE
"710",963,"AT3G29034",0.276614025157157,FALSE,FALSE
"711",1781,"AT5G58260",0.276616318872624,FALSE,FALSE
"712",1084,"AT3G55800",0.276616941998606,FALSE,FALSE
"713",405,"AT1G69870",0.276680715599018,FALSE,FALSE
"714",519,"AT2G05070",0.27668525960429,FALSE,FALSE
"715",833,"AT3G10740",0.276988085500173,FALSE,FALSE
"716",602,"AT2G26080",0.277911340015941,FALSE,FALSE
"717",1056,"AT3G53180",0.278132986450925,FALSE,FALSE
"718",1739,"AT5G52240",0.27835184168099,FALSE,FALSE
"719",756,"AT2G45220",0.279636013112522,FALSE,FALSE
"720",571,"AT2G21385",0.27994440279912,FALSE,FALSE
"721",610,"AT2G27290",0.279945965761997,FALSE,FALSE
"722",1280,"AT4G23400",0.279947124158641,FALSE,FALSE
"723",558,"AT2G19800",0.279947588813398,FALSE,FALSE
"724",391,"AT1G68390",0.279953958221569,FALSE,FALSE
"725",185,"AT1G24340",0.279956062402089,FALSE,FALSE
"726",1704,"AT5G46420",0.279966571536612,FALSE,FALSE
"727",1700,"AT5G46160",0.280817376906374,FALSE,FALSE
"728",1810,"AT5G61930",0.281376311187025,FALSE,FALSE
"729",1290,"AT4G24530",0.281948508062833,FALSE,FALSE
"730",496,"AT1G80300",0.282013569497033,FALSE,FALSE
"731",1583,"AT5G23550",0.282331297876128,FALSE,FALSE
"732",270,"AT1G50740",0.28233129788675,FALSE,FALSE
"733",1277,"AT4G23260",0.289074797253123,FALSE,FALSE
"734",1543,"AT5G16080",0.291669078372257,FALSE,FALSE
"735",711,"AT2G39518",0.291741712984491,FALSE,FALSE
"736",944,"AT3G26090",0.291743447404321,FALSE,FALSE
"737",1778,"AT5G57960",0.29174615953968,FALSE,FALSE
"738",569,"AT2G21350",0.291972528598811,FALSE,FALSE
"739",1226,"AT4G18140",0.291972528598811,FALSE,FALSE
"740",1600,"AT5G25190",0.291972528598811,FALSE,FALSE
"741",913,"AT3G20930",0.291974619090915,FALSE,FALSE
"742",1050,"AT3G52380",0.291975695318197,FALSE,FALSE
"743",1632,"AT5G37300",0.29197624849175,FALSE,FALSE
"744",1367,"AT4G34220",0.291978457473547,FALSE,FALSE
"745",358,"AT1G64670",0.291978725326874,FALSE,FALSE
"746",580,"AT2G22890",0.291978725341146,FALSE,FALSE
"747",1556,"AT5G18150",0.29198234187187,FALSE,FALSE
"748",1500,"AT5G12050",0.291988774957546,FALSE,FALSE
"749",171,"AT1G22530",0.292906770725254,FALSE,FALSE
"750",25,"AT1G04340",0.294252241345371,FALSE,FALSE
"751",551,"AT2G18193",0.296773390517162,FALSE,FALSE
"752",504,"AT2G01140",0.297241853918025,FALSE,FALSE
"753",1174,"AT4G09900",0.29738724896424,FALSE,FALSE
"754",906,"AT3G19540",0.297476877593971,FALSE,FALSE
"755",1592,"AT5G24430",0.298965017966792,FALSE,FALSE
"756",376,"AT1G66460",0.298965017966993,FALSE,FALSE
"757",1012,"AT3G49120",0.299532018700895,FALSE,FALSE
"758",536,"AT2G15690",0.299562930318219,FALSE,FALSE
"759",809,"AT3G06380",0.300609422479613,FALSE,FALSE
"760",1787,"AT5G58375",0.301076825598829,FALSE,FALSE
"761",279,"AT1G51800",0.301079561925604,FALSE,FALSE
"762",43,"AT1G07705",0.301084023456058,FALSE,FALSE
"763",834,"AT3G10800",0.301085791172452,FALSE,FALSE
"764",267,"AT1G49880",0.3010862226817,FALSE,FALSE
"765",802,"AT3G05030",0.301089511255194,FALSE,FALSE
"766",1761,"AT5G56150",0.301102729637033,FALSE,FALSE
"767",1598,"AT5G24810",0.302360609002128,FALSE,FALSE
"768",84,"AT1G13280",0.303600068755072,FALSE,FALSE
"769",22,"AT1G03740",0.305567927694971,FALSE,FALSE
"770",1644,"AT5G38895",0.307559321586683,FALSE,FALSE
"771",329,"AT1G60890",0.309520458591263,FALSE,FALSE
"772",59,"AT1G10340",0.311142554629057,FALSE,FALSE
"773",776,"AT2G48120",0.311142554629881,FALSE,FALSE
"774",533,"AT2G15290",0.31198929518392,FALSE,FALSE
"775",561,"AT2G20290",0.313346762791628,FALSE,FALSE
"776",842,"AT3G11820",0.314443281158569,FALSE,FALSE
"777",416,"AT1G70730",0.31532131620935,FALSE,FALSE
"778",172,"AT1G22630",0.315681307833132,FALSE,FALSE
"779",609,"AT2G27040",0.31604863022654,FALSE,FALSE
"780",1738,"AT5G52190",0.319453930738269,FALSE,FALSE
"781",980,"AT3G44860",0.319600729640902,FALSE,FALSE
"782",964,"AT3G29200",0.319604539517293,FALSE,FALSE
"783",1375,"AT4G34980",0.319604556338913,FALSE,FALSE
"784",1460,"AT5G06290",0.31999358079417,FALSE,FALSE
"785",1063,"AT3G53960",0.320260322408574,FALSE,FALSE
"786",612,"AT2G27500",0.320623796127115,FALSE,FALSE
"787",1657,"AT5G41340",0.32062681043562,FALSE,FALSE
"788",33,"AT1G05385",0.320627653166193,FALSE,FALSE
"789",700,"AT2G38210",0.32062765317409,FALSE,FALSE
"790",794,"AT3G03870",0.320639740151881,FALSE,FALSE
"791",1703,"AT5G46350",0.320714722235022,FALSE,FALSE
"792",491,"AT1G79550",0.321582053976131,FALSE,FALSE
"793",517,"AT2G04080",0.322291548436152,FALSE,FALSE
"794",120,"AT1G16130",0.322291548436164,FALSE,FALSE
"795",1230,"AT4G18370",0.322565761201802,FALSE,FALSE
"796",1766,"AT5G57020",0.322565761201802,FALSE,FALSE
"797",1139,"AT4G01460",0.322565761204992,FALSE,FALSE
"798",1183,"AT4G11350",0.322565761214842,FALSE,FALSE
"799",1030,"AT3G51080",0.322565761220676,FALSE,FALSE
"800",302,"AT1G53920",0.322568444419117,FALSE,FALSE
"801",257,"AT1G45170",0.322568444419319,FALSE,FALSE
"802",1451,"AT5G04860",0.322569122733911,FALSE,FALSE
"803",927,"AT3G22420",0.322571475237783,FALSE,FALSE
"804",716,"AT2G40030",0.322571475252115,FALSE,FALSE
"805",50,"AT1G08390",0.322572593897138,FALSE,FALSE
"806",1146,"AT4G01995",0.322577077266179,FALSE,FALSE
"807",1150,"AT4G02540",0.322579772898497,FALSE,FALSE
"808",952,"AT3G26570",0.323371456155334,FALSE,FALSE
"809",1737,"AT5G52100",0.323392529810157,FALSE,FALSE
"810",953,"AT3G26950",0.324466047821305,FALSE,FALSE
"811",1641,"AT5G38410",0.324621174903061,FALSE,FALSE
"812",596,"AT2G24850",0.32535603817543,FALSE,FALSE
"813",696,"AT2G37430",0.326379202221371,FALSE,FALSE
"814",811,"AT3G07020",0.326824461116749,FALSE,FALSE
"815",1390,"AT4G36660",0.326964091935648,FALSE,FALSE
"816",611,"AT2G27385",0.326965689538173,FALSE,FALSE
"817",98,"AT1G14540",0.326972385443533,FALSE,FALSE
"818",896,"AT3G17668",0.326975093528591,FALSE,FALSE
"819",1729,"AT5G50740",0.32697509353565,FALSE,FALSE
"820",1420,"AT5G01040",0.326983240742577,FALSE,FALSE
"821",1016,"AT3G49710",0.32984148732861,FALSE,FALSE
"822",1570,"AT5G20020",0.332432049750945,FALSE,FALSE
"823",1067,"AT3G54500",0.332438494206514,FALSE,FALSE
"824",278,"AT1G51790",0.332440436053272,FALSE,FALSE
"825",470,"AT1G77370",0.33639899816721,FALSE,FALSE
"826",1129,"AT3G63410",0.338581397816106,FALSE,FALSE
"827",647,"AT2G31350",0.338748857114584,FALSE,FALSE
"828",892,"AT3G17000",0.338750217540681,FALSE,FALSE
"829",1497,"AT5G11670",0.338750232214806,FALSE,FALSE
"830",683,"AT2G35840",0.338753067232767,FALSE,FALSE
"831",774,"AT2G47930",0.338755119278444,FALSE,FALSE
"832",1409,"AT4G38860",0.338756472387066,FALSE,FALSE
"833",591,"AT2G24270",0.338757505089446,FALSE,FALSE
"834",1603,"AT5G25440",0.338757505106829,FALSE,FALSE
"835",1394,"AT4G36940",0.340698162005665,FALSE,FALSE
"836",1481,"AT5G10030",0.340738656490561,FALSE,FALSE
"837",1528,"AT5G14480",0.340948039099577,FALSE,FALSE
"838",1573,"AT5G20935",0.341378558829546,FALSE,FALSE
"839",1418,"AT4G40070",0.341396514358577,FALSE,FALSE
"840",885,"AT3G16170",0.342004768563311,FALSE,FALSE
"841",1522,"AT5G13860",0.344621454569169,FALSE,FALSE
"842",651,"AT2G31880",0.346702609609615,FALSE,FALSE
"843",1684,"AT5G44575",0.348101103917388,FALSE,FALSE
"844",965,"AT3G31440",0.349794363816899,FALSE,FALSE
"845",1419,"AT5G01015",0.349877311543122,FALSE,FALSE
"846",918,"AT3G21240",0.349877311585053,FALSE,FALSE
"847",1196,"AT4G12790",0.349878248443312,FALSE,FALSE
"848",23,"AT1G04250",0.349878248456355,FALSE,FALSE
"849",1184,"AT4G11660",0.349880452411984,FALSE,FALSE
"850",1667,"AT5G42830",0.349887791166139,FALSE,FALSE
"851",245,"AT1G36622",0.349901887031019,FALSE,FALSE
"852",606,"AT2G26600",0.35048760635924,FALSE,FALSE
"853",1454,"AT5G05340",0.350558659514357,FALSE,FALSE
"854",205,"AT1G29040",0.352158910397461,FALSE,FALSE
"855",1176,"AT4G10180",0.354384993757533,FALSE,FALSE
"856",719,"AT2G40270",0.355594496096596,FALSE,FALSE
"857",1574,"AT5G21100",0.355594661767184,FALSE,FALSE
"858",567,"AT2G21300",0.35559564239346,FALSE,FALSE
"859",541,"AT2G16400",0.355598026541014,FALSE,FALSE
"860",1124,"AT3G63010",0.355601025452485,FALSE,FALSE
"861",1096,"AT3G57550",0.355601551402875,FALSE,FALSE
"862",1530,"AT5G14710",0.355604733864501,FALSE,FALSE
"863",742,"AT2G43620",0.35621702535165,FALSE,FALSE
"864",468,"AT1G76930",0.3563096808355,FALSE,FALSE
"865",1504,"AT5G12420",0.356408841873357,FALSE,FALSE
"866",1055,"AT3G52940",0.356476415473865,FALSE,FALSE
"867",306,"AT1G54710",0.357081677054068,FALSE,FALSE
"868",1736,"AT5G51820",0.357615362023881,FALSE,FALSE
"869",564,"AT2G20570",0.363129405261039,FALSE,FALSE
"870",1463,"AT5G07030",0.363246137405593,FALSE,FALSE
"871",1278,"AT4G23290",0.363828100439245,FALSE,FALSE
"872",550,"AT2G17760",0.364897278114277,FALSE,FALSE
"873",1643,"AT5G38430",0.366133323041518,FALSE,FALSE
"874",1552,"AT5G17390",0.366386407781319,FALSE,FALSE
"875",1302,"AT4G25630",0.36642759325347,FALSE,FALSE
"876",240,"AT1G33811",0.366943827501803,FALSE,FALSE
"877",415,"AT1G70700",0.367237583909561,FALSE,FALSE
"878",54,"AT1G09750",0.369424448249833,FALSE,FALSE
"879",506,"AT2G01450",0.370758250843374,FALSE,FALSE
"880",1767,"AT5G57035",0.371061558527218,FALSE,FALSE
"881",788,"AT3G02730",0.371141329416486,FALSE,FALSE
"882",689,"AT2G36380",0.371281548124534,FALSE,FALSE
"883",1053,"AT3G52840",0.371284027529369,FALSE,FALSE
"884",1430,"AT5G01850",0.371285966157892,FALSE,FALSE
"885",1404,"AT4G37925",0.37128870832179,FALSE,FALSE
"886",857,"AT3G13300",0.371324897716318,FALSE,FALSE
"887",1540,"AT5G15810",0.371525523128851,FALSE,FALSE
"888",864,"AT3G13980",0.371945861947326,FALSE,FALSE
"889",526,"AT2G07807",0.371947217507091,FALSE,FALSE
"890",97,"AT1G14520",0.371947217519851,FALSE,FALSE
"891",939,"AT3G25110",0.371948813135064,FALSE,FALSE
"892",675,"AT2G34940",0.371953233527892,FALSE,FALSE
"893",1438,"AT5G02820",0.371953241808749,FALSE,FALSE
"894",930,"AT3G22790",0.37196101877857,FALSE,FALSE
"895",1492,"AT5G11030",0.37196101877857,FALSE,FALSE
"896",815,"AT3G07525",0.371961018788674,FALSE,FALSE
"897",1741,"AT5G52660",0.371961018798182,FALSE,FALSE
"898",294,"AT1G53160",0.37436875427203,FALSE,FALSE
"899",1645,"AT5G38900",0.374370862740396,FALSE,FALSE
"900",123,"AT1G16690",0.374372701832549,FALSE,FALSE
"901",537,"AT2G15820",0.374384462472839,FALSE,FALSE
"902",904,"AT3G19010",0.377395009239546,FALSE,FALSE
"903",694,"AT2G37040",0.377749251293105,FALSE,FALSE
"904",1294,"AT4G25030",0.37775749436561,FALSE,FALSE
"905",474,"AT1G77510",0.384350527459628,FALSE,FALSE
"906",752,"AT2G44650",0.385937577781664,FALSE,FALSE
"907",1057,"AT3G53230",0.385939840608493,FALSE,FALSE
"908",1782,"AT5G58290",0.388149390928591,FALSE,FALSE
"909",1821,"AT5G63640",0.38963396660793,FALSE,FALSE
"910",463,"AT1G76360",0.391512591814977,FALSE,FALSE
"911",1003,"AT3G47960",0.392461543578944,FALSE,FALSE
"912",272,"AT1G51090",0.393299512190865,FALSE,FALSE
"913",440,"AT1G74470",0.395877732684897,FALSE,FALSE
"914",68,"AT1G11660",0.396428871966293,FALSE,FALSE
"915",934,"AT3G23550",0.396430588785349,FALSE,FALSE
"916",93,"AT1G14290",0.396432215566341,FALSE,FALSE
"917",869,"AT3G14220",0.396435180459677,FALSE,FALSE
"918",1215,"AT4G16110",0.396435616980678,FALSE,FALSE
"919",600,"AT2G25735",0.396437371809151,FALSE,FALSE
"920",574,"AT2G21960",0.396438062962819,FALSE,FALSE
"921",710,"AT2G39420",0.396441673159332,FALSE,FALSE
"922",1426,"AT5G01550",0.397047757965403,FALSE,FALSE
"923",1027,"AT3G50900",0.397257039057238,FALSE,FALSE
"924",483,"AT1G78870",0.398910410640154,FALSE,FALSE
"925",1548,"AT5G16400",0.399657612722084,FALSE,FALSE
"926",1033,"AT3G51330",0.400194655815514,FALSE,FALSE
"927",1589,"AT5G24230",0.402745274802507,FALSE,FALSE
"928",827,"AT3G09720",0.403006746122751,FALSE,FALSE
"929",377,"AT1G66570",0.403488362772057,FALSE,FALSE
"930",674,"AT2G34860",0.405751910275781,FALSE,FALSE
"931",995,"AT3G46668",0.405757808317025,FALSE,FALSE
"932",141,"AT1G19350",0.40803979692727,FALSE,FALSE
"933",324,"AT1G59840",0.408074204001519,FALSE,FALSE
"934",1408,"AT4G38840",0.409690595240678,FALSE,FALSE
"935",616,"AT2G28070",0.409691841928731,FALSE,FALSE
"936",1679,"AT5G44210",0.409694919595366,FALSE,FALSE
"937",1181,"AT4G11320",0.409694919596138,FALSE,FALSE
"938",816,"AT3G07540",0.409696444291622,FALSE,FALSE
"939",1013,"AT3G49170",0.409697759219959,FALSE,FALSE
"940",366,"AT1G65486",0.40970404777497,FALSE,FALSE
"941",1059,"AT3G53280",0.40970404777497,FALSE,FALSE
"942",216,"AT1G30570",0.409709826541608,FALSE,FALSE
"943",554,"AT2G18690",0.409853181731893,FALSE,FALSE
"944",1323,"AT4G29310",0.410153284965602,FALSE,FALSE
"945",1455,"AT5G05440",0.410273455443752,FALSE,FALSE
"946",94,"AT1G14300",0.410419385718195,FALSE,FALSE
"947",1406,"AT4G38640",0.410853317177658,FALSE,FALSE
"948",1205,"AT4G14850",0.41096675744189,FALSE,FALSE
"949",858,"AT3G13310",0.413552999846989,FALSE,FALSE
"950",735,"AT2G42400",0.415962256813877,FALSE,FALSE
"951",1239,"AT4G18950",0.416418024998541,FALSE,FALSE
"952",634,"AT2G30420",0.416418025017907,FALSE,FALSE
"953",457,"AT1G76110",0.416419565937468,FALSE,FALSE
"954",629,"AT2G30070",0.416431342153758,FALSE,FALSE
"955",1509,"AT5G13140",0.41643969940522,FALSE,FALSE
"956",1564,"AT5G19080",0.416448414049208,FALSE,FALSE
"957",1445,"AT5G03610",0.416448414103934,FALSE,FALSE
"958",301,"AT1G53625",0.420402222542353,FALSE,FALSE
"959",1188,"AT4G12230",0.420665787785193,FALSE,FALSE
"960",1156,"AT4G03820",0.421801233013585,FALSE,FALSE
"961",679,"AT2G35350",0.423495637433976,FALSE,FALSE
"962",585,"AT2G23200",0.426843066706027,FALSE,FALSE
"963",1707,"AT5G47190",0.430729369415261,FALSE,FALSE
"964",1095,"AT3G57330",0.431235207712649,FALSE,FALSE
"965",729,"AT2G41420",0.432468755075529,FALSE,FALSE
"966",1524,"AT5G13930",0.432660341042226,FALSE,FALSE
"967",1227,"AT4G18170",0.434612877642199,FALSE,FALSE
"968",320,"AT1G58602",0.434615233753202,FALSE,FALSE
"969",497,"AT1G80310",0.434616332022342,FALSE,FALSE
"970",1812,"AT5G62470",0.434623268258576,FALSE,FALSE
"971",258,"AT1G45474",0.436036884708407,FALSE,FALSE
"972",655,"AT2G32210",0.438164341468816,FALSE,FALSE
"973",998,"AT3G47300",0.438164341468818,FALSE,FALSE
"974",443,"AT1G74950",0.43883641846982,FALSE,FALSE
"975",1630,"AT5G36925",0.439694501765707,FALSE,FALSE
"976",932,"AT3G23400",0.440372663256163,FALSE,FALSE
"977",8,"AT1G01970",0.440899533461557,FALSE,FALSE
"978",1356,"AT4G32980",0.441398009457859,FALSE,FALSE
"979",922,"AT3G22160",0.441690162247075,FALSE,FALSE
"980",837,"AT3G11020",0.441709362574757,FALSE,FALSE
"981",1261,"AT4G21400",0.4417093625801,FALSE,FALSE
"982",1637,"AT5G38140",0.441711766690036,FALSE,FALSE
"983",714,"AT2G39920",0.441711962457991,FALSE,FALSE
"984",475,"AT1G77630",0.441713584671061,FALSE,FALSE
"985",1424,"AT5G01460",0.441713584686733,FALSE,FALSE
"986",393,"AT1G68585",0.441714365275724,FALSE,FALSE
"987",1415,"AT4G39770",0.441716767542152,FALSE,FALSE
"988",451,"AT1G75690",0.441727958013927,FALSE,FALSE
"989",1636,"AT5G37660",0.442813728454836,FALSE,FALSE
"990",1831,"AT5G64260",0.443140876968681,FALSE,FALSE
"991",317,"AT1G58100",0.444610402469971,FALSE,FALSE
"992",1019,"AT3G50240",0.444713621049483,FALSE,FALSE
"993",538,"AT2G15970",0.446802944443181,FALSE,FALSE
"994",149,"AT1G20010",0.446821113575818,FALSE,FALSE
"995",686,"AT2G36145",0.451252775462169,FALSE,FALSE
"996",803,"AT3G05120",0.451253987222982,FALSE,FALSE
"997",220,"AT1G30755",0.451257547706114,FALSE,FALSE
"998",1396,"AT4G37020",0.451257598468224,FALSE,FALSE
"999",422,"AT1G71697",0.451258222717087,FALSE,FALSE
"1000",1521,"AT5G13800",0.451258222730979,FALSE,FALSE
"1001",1665,"AT5G42570",0.451260450237238,FALSE,FALSE
"1002",1453,"AT5G05190",0.451267496889535,FALSE,FALSE
"1003",28,"AT1G04940",0.451273882970216,FALSE,FALSE
"1004",242,"AT1G35350",0.451648060626314,FALSE,FALSE
"1005",1295,"AT4G25050",0.45174891233089,FALSE,FALSE
"1006",1307,"AT4G26520",0.452215263003627,FALSE,FALSE
"1007",77,"AT1G12860",0.452215263003628,FALSE,FALSE
"1008",1339,"AT4G30280",0.452824867790501,FALSE,FALSE
"1009",1360,"AT4G33660",0.454887382504356,FALSE,FALSE
"1010",246,"AT1G41830",0.459349166349356,FALSE,FALSE
"1011",813,"AT3G07195",0.460936600609882,FALSE,FALSE
"1012",322,"AT1G59700",0.462447369471491,FALSE,FALSE
"1013",590,"AT2G24090",0.463868260434929,FALSE,FALSE
"1014",1168,"AT4G08685",0.465388231736047,FALSE,FALSE
"1015",1558,"AT5G18480",0.466549517642522,FALSE,FALSE
"1016",993,"AT3G46550",0.466552056674328,FALSE,FALSE
"1017",213,"AT1G29990",0.466555006020378,FALSE,FALSE
"1018",431,"AT1G73080",0.466555974433087,FALSE,FALSE
"1019",928,"AT3G22600",0.466558308294095,FALSE,FALSE
"1020",1662,"AT5G42100",0.466567414676775,FALSE,FALSE
"1021",31,"AT1G05070",0.466704279916388,FALSE,FALSE
"1022",828,"AT3G09810",0.469121473654107,FALSE,FALSE
"1023",187,"AT1G25220",0.469211510733603,FALSE,FALSE
"1024",1090,"AT3G56950",0.469213544495294,FALSE,FALSE
"1025",1237,"AT4G18880",0.469213544499458,FALSE,FALSE
"1026",971,"AT3G43250",0.469215550378627,FALSE,FALSE
"1027",1031,"AT3G51090",0.469215744156277,FALSE,FALSE
"1028",1289,"AT4G24380",0.469216444060966,FALSE,FALSE
"1029",133,"AT1G18620",0.469216444077948,FALSE,FALSE
"1030",233,"AT1G32350",0.469217567751402,FALSE,FALSE
"1031",1362,"AT4G33700",0.469225270762232,FALSE,FALSE
"1032",1159,"AT4G04350",0.469227792493394,FALSE,FALSE
"1033",1365,"AT4G34060",0.47024095135682,FALSE,FALSE
"1034",89,"AT1G14010",0.471703925483358,FALSE,FALSE
"1035",1620,"AT5G28630",0.472888265840909,FALSE,FALSE
"1036",563,"AT2G20562",0.473359212968021,FALSE,FALSE
"1037",1674,"AT5G43700",0.475333370198513,FALSE,FALSE
"1038",1000,"AT3G47480",0.475545348875095,FALSE,FALSE
"1039",1531,"AT5G14910",0.477721802725117,FALSE,FALSE
"1040",514,"AT2G03750",0.477806135121143,FALSE,FALSE
"1041",821,"AT3G08940",0.47900935270153,FALSE,FALSE
"1042",330,"AT1G60950",0.47988229846942,FALSE,FALSE
"1043",111,"AT1G15520",0.480206155346387,FALSE,FALSE
"1044",1517,"AT5G13490",0.48066472249112,FALSE,FALSE
"1045",989,"AT3G45780",0.480668087789233,FALSE,FALSE
"1046",940,"AT3G25530",0.480678506508669,FALSE,FALSE
"1047",392,"AT1G68570",0.480879828855932,FALSE,FALSE
"1048",555,"AT2G18900",0.482090905997571,FALSE,FALSE
"1049",1567,"AT5G19690",0.484172360761339,FALSE,FALSE
"1050",203,"AT1G28560",0.484254748015899,FALSE,FALSE
"1051",331,"AT1G60989",0.484256636169889,FALSE,FALSE
"1052",560,"AT2G20210",0.484259382281613,FALSE,FALSE
"1053",259,"AT1G48170",0.484265072180892,FALSE,FALSE
"1054",915,"AT3G21100",0.484265072180892,FALSE,FALSE
"1055",736,"AT2G43000",0.484265072188541,FALSE,FALSE
"1056",1802,"AT5G60450",0.485396511092778,FALSE,FALSE
"1057",638,"AT2G30550",0.48571216354625,FALSE,FALSE
"1058",792,"AT3G03060",0.486784911071671,FALSE,FALSE
"1059",662,"AT2G33570",0.486802772426937,FALSE,FALSE
"1060",114,"AT1G15780",0.489023076813797,FALSE,FALSE
"1061",840,"AT3G11330",0.489405666414013,FALSE,FALSE
"1062",1256,"AT4G20860",0.492676303621875,FALSE,FALSE
"1063",1803,"AT5G60890",0.493128118487256,FALSE,FALSE
"1064",360,"AT1G64970",0.493129716432568,FALSE,FALSE
"1065",1845,"AT5G66675",0.493130373027645,FALSE,FALSE
"1066",1668,"AT5G42870",0.493135232179309,FALSE,FALSE
"1067",1828,"AT5G64090",0.493143765391908,FALSE,FALSE
"1068",1686,"AT5G44680",0.494220207881228,FALSE,FALSE
"1069",986,"AT3G45620",0.495687359355077,FALSE,FALSE
"1070",1249,"AT4G20070",0.49684728776753,FALSE,FALSE
"1071",784,"AT3G02230",0.497063831939482,FALSE,FALSE
"1072",1169,"AT4G08770",0.498472442022161,FALSE,FALSE
"1073",982,"AT3G45230",0.498692000675928,FALSE,FALSE
"1074",532,"AT2G15080",0.498999260134659,FALSE,FALSE
"1075",6,"AT1G01860",0.499386492352298,FALSE,FALSE
"1076",1547,"AT5G16390",0.499747599025486,FALSE,FALSE
"1077",183,"AT1G24145",0.501133448781053,FALSE,FALSE
"1078",997,"AT3G47250",0.502273618737607,FALSE,FALSE
"1079",1089,"AT3G56940",0.505879280203301,FALSE,FALSE
"1080",844,"AT3G12370",0.508146528608904,FALSE,FALSE
"1081",888,"AT3G16530",0.508482903234585,FALSE,FALSE
"1082",485,"AT1G78920",0.508812848940462,FALSE,FALSE
"1083",1653,"AT5G40670",0.510876877151135,FALSE,FALSE
"1084",577,"AT2G22475",0.511857987774411,FALSE,FALSE
"1085",1846,"AT5G66790",0.512593071962752,FALSE,FALSE
"1086",1647,"AT5G39530",0.512781201231056,FALSE,FALSE
"1087",1627,"AT5G35490",0.513554389124172,FALSE,FALSE
"1088",4,"AT1G01550",0.514143626935956,FALSE,FALSE
"1089",1577,"AT5G22340",0.514144436928839,FALSE,FALSE
"1090",332,"AT1G61100",0.514144436972591,FALSE,FALSE
"1091",342,"AT1G62422",0.514144644653246,FALSE,FALSE
"1092",553,"AT2G18300",0.514145513948181,FALSE,FALSE
"1093",768,"AT2G47440",0.514145513992804,FALSE,FALSE
"1094",518,"AT2G04495",0.514146078306782,FALSE,FALSE
"1095",1477,"AT5G08790",0.514146078306783,FALSE,FALSE
"1096",409,"AT1G70300",0.514147026946567,FALSE,FALSE
"1097",1427,"AT5G01640",0.514147147605756,FALSE,FALSE
"1098",289,"AT1G52730",0.514147698521585,FALSE,FALSE
"1099",1342,"AT4G30490",0.514148631832913,FALSE,FALSE
"1100",1065,"AT3G54150",0.514150674942165,FALSE,FALSE
"1101",999,"AT3G47420",0.514150793493396,FALSE,FALSE
"1102",1201,"AT4G14450",0.514151012981786,FALSE,FALSE
"1103",411,"AT1G70520",0.514151355059649,FALSE,FALSE
"1104",1529,"AT5G14500",0.514155127172462,FALSE,FALSE
"1105",1690,"AT5G45110",0.514161563641794,FALSE,FALSE
"1106",1433,"AT5G02040",0.514168909001984,FALSE,FALSE
"1107",469,"AT1G76955",0.515885394156406,FALSE,FALSE
"1108",1349,"AT4G31550",0.517195631801783,FALSE,FALSE
"1109",1279,"AT4G23300",0.5171997829803,FALSE,FALSE
"1110",865,"AT3G14050",0.517201021371277,FALSE,FALSE
"1111",626,"AT2G29720",0.517415560379864,FALSE,FALSE
"1112",174,"AT1G23090",0.518819540514807,FALSE,FALSE
"1113",874,"AT3G14420",0.521908813364262,FALSE,FALSE
"1114",486,"AT1G78995",0.52219800109813,FALSE,FALSE
"1115",1170,"AT4G08850",0.52244004277383,FALSE,FALSE
"1116",914,"AT3G21080",0.52427214545287,FALSE,FALSE
"1117",370,"AT1G65720",0.524622945442814,FALSE,FALSE
"1118",1324,"AT4G29330",0.525099788388274,FALSE,FALSE
"1119",825,"AT3G09490",0.525179540456077,FALSE,FALSE
"1120",419,"AT1G71520",0.52613387090721,FALSE,FALSE
"1121",1560,"AT5G18520",0.527783704214871,FALSE,FALSE
"1122",60,"AT1G10370",0.527785040427989,FALSE,FALSE
"1123",1200,"AT4G14365",0.527785094772943,FALSE,FALSE
"1124",648,"AT2G31725",0.529913946487737,FALSE,FALSE
"1125",1590,"AT5G24290",0.529915483979732,FALSE,FALSE
"1126",1315,"AT4G28085",0.529919428865229,FALSE,FALSE
"1127",1642,"AT5G38420",0.531800215690731,FALSE,FALSE
"1128",383,"AT1G66970",0.53272129120473,FALSE,FALSE
"1129",1770,"AT5G57180",0.532790717787018,FALSE,FALSE
"1130",1429,"AT5G01830",0.532792232956116,FALSE,FALSE
"1131",207,"AT1G29330",0.532793753630574,FALSE,FALSE
"1132",882,"AT3G15570",0.53279375365459,FALSE,FALSE
"1133",1330,"AT4G29905",0.532797301063893,FALSE,FALSE
"1134",1689,"AT5G45060",0.532799370951616,FALSE,FALSE
"1135",1378,"AT4G35180",0.532801390651563,FALSE,FALSE
"1136",145,"AT1G19650",0.533227729223877,FALSE,FALSE
"1137",617,"AT2G28100",0.536200231383233,FALSE,FALSE
"1138",822,"AT3G08970",0.536837050911881,FALSE,FALSE
"1139",1366,"AT4G34200",0.537694659761953,FALSE,FALSE
"1140",1754,"AT5G54770",0.537722896515976,FALSE,FALSE
"1141",1511,"AT5G13200",0.53773216984668,FALSE,FALSE
"1142",2,"AT1G01120",0.538918326232406,FALSE,FALSE
"1143",1505,"AT5G12900",0.540933539873845,FALSE,FALSE
"1144",1663,"AT5G42110",0.544038680176061,FALSE,FALSE
"1145",153,"AT1G20510",0.546374977349509,FALSE,FALSE
"1146",701,"AT2G38240",0.547071809459296,FALSE,FALSE
"1147",1626,"AT5G35430",0.547350255402826,FALSE,FALSE
"1148",808,"AT3G06350",0.548423089294828,FALSE,FALSE
"1149",1464,"AT5G07100",0.548582143097854,FALSE,FALSE
"1150",509,"AT2G02010",0.549478183965596,FALSE,FALSE
"1151",1597,"AT5G24760",0.549478183989466,FALSE,FALSE
"1152",881,"AT3G15500",0.54947861806928,FALSE,FALSE
"1153",1715,"AT5G47870",0.549479817825581,FALSE,FALSE
"1154",1572,"AT5G20165",0.549480563571733,FALSE,FALSE
"1155",1002,"AT3G47780",0.549480638333454,FALSE,FALSE
"1156",682,"AT2G35610",0.549481646196885,FALSE,FALSE
"1157",862,"AT3G13800",0.5494820945764,FALSE,FALSE
"1158",76,"AT1G12845",0.549484599591062,FALSE,FALSE
"1159",549,"AT2G17740",0.549486480578134,FALSE,FALSE
"1160",1223,"AT4G17500",0.549487062446951,FALSE,FALSE
"1161",334,"AT1G61190",0.554532918567663,FALSE,FALSE
"1162",1506,"AT5G12980",0.554580471926895,FALSE,FALSE
"1163",1472,"AT5G08370",0.554580471926907,FALSE,FALSE
"1164",1088,"AT3G56820",0.555034057165204,FALSE,FALSE
"1165",1035,"AT3G51350",0.557124530743879,FALSE,FALSE
"1166",1204,"AT4G14830",0.558427227188434,FALSE,FALSE
"1167",1251,"AT4G20430",0.558662749584534,FALSE,FALSE
"1168",157,"AT1G21080",0.564161722128304,FALSE,FALSE
"1169",1274,"AT4G23210",0.564162902021873,FALSE,FALSE
"1170",1082,"AT3G55610",0.564512637594511,FALSE,FALSE
"1171",196,"AT1G27930",0.564513899136529,FALSE,FALSE
"1172",960,"AT3G28070",0.564514535509699,FALSE,FALSE
"1173",781,"AT3G01830",0.564517770535841,FALSE,FALSE
"1174",1017,"AT3G49780",0.56452335405372,FALSE,FALSE
"1175",1370,"AT4G34480",0.564533978249912,FALSE,FALSE
"1176",770,"AT2G47650",0.564658540429318,FALSE,FALSE
"1177",386,"AT1G67480",0.564658540429319,FALSE,FALSE
"1178",730,"AT2G41760",0.565538972660077,FALSE,FALSE
"1179",584,"AT2G23180",0.565541617866728,FALSE,FALSE
"1180",539,"AT2G16090",0.565543481897112,FALSE,FALSE
"1181",345,"AT1G62520",0.565544502877843,FALSE,FALSE
"1182",846,"AT3G12550",0.565544502877843,FALSE,FALSE
"1183",1790,"AT5G58980",0.565544502879723,FALSE,FALSE
"1184",835,"AT3G10940",0.565545114564419,FALSE,FALSE
"1185",1304,"AT4G25840",0.565554528903367,FALSE,FALSE
"1186",398,"AT1G68945",0.565554528921782,FALSE,FALSE
"1187",1300,"AT4G25433",0.565560865506291,FALSE,FALSE
"1188",1197,"AT4G13510",0.565997943554634,FALSE,FALSE
"1189",1755,"AT5G54810",0.567320333173553,FALSE,FALSE
"1190",604,"AT2G26440",0.568180208404971,FALSE,FALSE
"1191",1586,"AT5G23870",0.569020372606242,FALSE,FALSE
"1192",1475,"AT5G08650",0.569212664245639,FALSE,FALSE
"1193",1815,"AT5G62810",0.570998815192004,FALSE,FALSE
"1194",1101,"AT3G59080",0.571293658806688,FALSE,FALSE
"1195",349,"AT1G63300",0.57143147193088,FALSE,FALSE
"1196",201,"AT1G28380",0.573353744159955,FALSE,FALSE
"1197",1087,"AT3G56140",0.577629869026451,FALSE,FALSE
"1198",724,"AT2G41010",0.577829111540205,FALSE,FALSE
"1199",1488,"AT5G10750",0.578153418269398,FALSE,FALSE
"1200",85,"AT1G13340",0.578153983289442,FALSE,FALSE
"1201",1584,"AT5G23660",0.578153983289442,FALSE,FALSE
"1202",916,"AT3G21220",0.578155136186827,FALSE,FALSE
"1203",197,"AT1G27970",0.578156823737827,FALSE,FALSE
"1204",923,"AT3G22210",0.578161093170352,FALSE,FALSE
"1205",1320,"AT4G28740",0.578164416813286,FALSE,FALSE
"1206",194,"AT1G26761",0.578164416819103,FALSE,FALSE
"1207",855,"AT3G13080",0.578165368132348,FALSE,FALSE
"1208",1467,"AT5G07900",0.578173767328744,FALSE,FALSE
"1209",380,"AT1G66890",0.578333770061572,FALSE,FALSE
"1210",252,"AT1G44000",0.578689954488396,FALSE,FALSE
"1211",1726,"AT5G50200",0.579479628291602,FALSE,FALSE
"1212",646,"AT2G31320",0.580245119813773,FALSE,FALSE
"1213",744,"AT2G44050",0.580911430918641,FALSE,FALSE
"1214",759,"AT2G45570",0.581574386066396,FALSE,FALSE
"1215",312,"AT1G55920",0.581833605293341,FALSE,FALSE
"1216",1152,"AT4G02770",0.582406336684855,FALSE,FALSE
"1217",838,"AT3G11040",0.584310392705017,FALSE,FALSE
"1218",1498,"AT5G11730",0.588768660808998,FALSE,FALSE
"1219",1383,"AT4G35760",0.592630904718215,FALSE,FALSE
"1220",520,"AT2G05710",0.592829862964252,FALSE,FALSE
"1221",426,"AT1G72430",0.593326100926263,FALSE,FALSE
"1222",295,"AT1G53165",0.59425294363064,FALSE,FALSE
"1223",1617,"AT5G27920",0.59425294363064,FALSE,FALSE
"1224",449,"AT1G75290",0.594254852513736,FALSE,FALSE
"1225",1580,"AT5G23330",0.594254852524999,FALSE,FALSE
"1226",592,"AT2G24290",0.594255944237173,FALSE,FALSE
"1227",1241,"AT4G19010",0.594258236533169,FALSE,FALSE
"1228",628,"AT2G30020",0.594258639094569,FALSE,FALSE
"1229",1395,"AT4G36945",0.594260419042495,FALSE,FALSE
"1230",64,"AT1G11060",0.594260913688522,FALSE,FALSE
"1231",1325,"AT4G29440",0.594260913695196,FALSE,FALSE
"1232",1373,"AT4G34760",0.594262545578584,FALSE,FALSE
"1233",1214,"AT4G16060",0.594262767737832,FALSE,FALSE
"1234",147,"AT1G19715",0.594267780396627,FALSE,FALSE
"1235",413,"AT1G70590",0.595172198646601,FALSE,FALSE
"1236",1018,"AT3G49930",0.598344068583464,FALSE,FALSE
"1237",1709,"AT5G47360",0.599862751289912,FALSE,FALSE
"1238",143,"AT1G19450",0.602013467850524,FALSE,FALSE
"1239",118,"AT1G15980",0.602013560504022,FALSE,FALSE
"1240",1458,"AT5G05730",0.602015481984188,FALSE,FALSE
"1241",424,"AT1G72330",0.60202195411231,FALSE,FALSE
"1242",909,"AT3G20680",0.60202486098796,FALSE,FALSE
"1243",1006,"AT3G48520",0.602081894963847,FALSE,FALSE
"1244",920,"AT3G22060",0.605471712932228,FALSE,FALSE
"1245",1533,"AT5G15110",0.606598055226394,FALSE,FALSE
"1246",236,"AT1G32900",0.607161382773976,FALSE,FALSE
"1247",1385,"AT4G36010",0.607416071742858,FALSE,FALSE
"1248",1579,"AT5G23060",0.61253128230325,FALSE,FALSE
"1249",505,"AT2G01260",0.612539510660344,FALSE,FALSE
"1250",630,"AT2G30110",0.613823543335673,FALSE,FALSE
"1251",1038,"AT3G51450",0.614756844346094,FALSE,FALSE
"1252",1675,"AT5G43810",0.615972148952095,FALSE,FALSE
"1253",937,"AT3G24590",0.618001675253471,FALSE,FALSE
"1254",1585,"AT5G23710",0.618003550079271,FALSE,FALSE
"1255",789,"AT3G02790",0.618004683983566,FALSE,FALSE
"1256",437,"AT1G73930",0.618004690524811,FALSE,FALSE
"1257",749,"AT2G44500",0.618005139620835,FALSE,FALSE
"1258",575,"AT2G22170",0.618011401934446,FALSE,FALSE
"1259",404,"AT1G69520",0.618015226585848,FALSE,FALSE
"1260",1263,"AT4G21790",0.618919124292809,FALSE,FALSE
"1261",738,"AT2G43160",0.621690404238245,FALSE,FALSE
"1262",795,"AT3G04010",0.622258244872547,FALSE,FALSE
"1263",292,"AT1G52890",0.622262085476647,FALSE,FALSE
"1264",898,"AT3G18050",0.622265739511362,FALSE,FALSE
"1265",1154,"AT4G03400",0.622617876429145,FALSE,FALSE
"1266",1779,"AT5G58140",0.623366499301229,FALSE,FALSE
"1267",439,"AT1G74330",0.624283347645685,FALSE,FALSE
"1268",311,"AT1G55480",0.625790200923655,FALSE,FALSE
"1269",1673,"AT5G43600",0.625969249399878,FALSE,FALSE
"1270",1126,"AT3G63140",0.631296206946038,FALSE,FALSE
"1271",1009,"AT3G48780",0.633730121995235,FALSE,FALSE
"1272",16,"AT1G02820",0.634208831498652,FALSE,FALSE
"1273",871,"AT3G14280",0.638050061346955,FALSE,FALSE
"1274",1459,"AT5G05890",0.638051322374065,FALSE,FALSE
"1275",1211,"AT4G15760",0.638051708173285,FALSE,FALSE
"1276",1658,"AT5G41610",0.638052995550377,FALSE,FALSE
"1277",1776,"AT5G57910",0.638054305542027,FALSE,FALSE
"1278",1100,"AT3G58690",0.638054305544143,FALSE,FALSE
"1279",165,"AT1G21900",0.638054305546213,FALSE,FALSE
"1280",96,"AT1G14410",0.638055159105651,FALSE,FALSE
"1281",1187,"AT4G12120",0.638055159112868,FALSE,FALSE
"1282",635,"AT2G30424",0.638055159121826,FALSE,FALSE
"1283",1213,"AT4G15920",0.638070457054976,FALSE,FALSE
"1284",1789,"AT5G58940",0.638070457060745,FALSE,FALSE
"1285",1652,"AT5G40390",0.638070457073033,FALSE,FALSE
"1286",1566,"AT5G19620",0.638560874712989,FALSE,FALSE
"1287",981,"AT3G45060",0.639714396234428,FALSE,FALSE
"1288",177,"AT1G23310",0.639724774748801,FALSE,FALSE
"1289",1193,"AT4G12490",0.641328689219774,FALSE,FALSE
"1290",24,"AT1G04260",0.645056213500661,FALSE,FALSE
"1291",1601,"AT5G25250",0.647314826512982,FALSE,FALSE
"1292",1706,"AT5G47120",0.647593999955258,FALSE,FALSE
"1293",1471,"AT5G08280",0.651011935134991,FALSE,FALSE
"1294",335,"AT1G61210",0.653797576932195,FALSE,FALSE
"1295",1784,"AT5G58330",0.654340222221844,FALSE,FALSE
"1296",1576,"AT5G22060",0.654600294928904,FALSE,FALSE
"1297",1625,"AT5G35220",0.654600294928904,FALSE,FALSE
"1298",414,"AT1G70690",0.655263755769281,FALSE,FALSE
"1299",521,"AT2G05755",0.655264097309789,FALSE,FALSE
"1300",1021,"AT3G50440",0.655264097326938,FALSE,FALSE
"1301",1425,"AT5G01540",0.655264809341288,FALSE,FALSE
"1302",799,"AT3G04350",0.655266251162481,FALSE,FALSE
"1303",990,"AT3G46110",0.655267297835175,FALSE,FALSE
"1304",622,"AT2G29180",0.655267297836334,FALSE,FALSE
"1305",739,"AT2G43360",0.6552710199712,FALSE,FALSE
"1306",1024,"AT3G50550",0.655276723703433,FALSE,FALSE
"1307",450,"AT1G75510",0.655276782884128,FALSE,FALSE
"1308",316,"AT1G57790",0.656925242439324,FALSE,FALSE
"1309",1633,"AT5G37440",0.656925242445442,FALSE,FALSE
"1310",243,"AT1G35370",0.656937804818172,FALSE,FALSE
"1311",73,"AT1G12090",0.65714605573975,FALSE,FALSE
"1312",1535,"AT5G15580",0.658676132736637,FALSE,FALSE
"1313",726,"AT2G41100",0.658890264380268,FALSE,FALSE
"1314",863,"AT3G13870",0.66001186883523,FALSE,FALSE
"1315",1671,"AT5G43470",0.661102455400592,FALSE,FALSE
"1316",124,"AT1G17290",0.661254090628185,FALSE,FALSE
"1317",706,"AT2G39140",0.661897433667593,FALSE,FALSE
"1318",254,"AT1G44575",0.661904419433696,FALSE,FALSE
"1319",793,"AT3G03490",0.663116965750305,FALSE,FALSE
"1320",970,"AT3G43240",0.663220551576715,FALSE,FALSE
"1321",1288,"AT4G24190",0.663281949617945,FALSE,FALSE
"1322",676,"AT2G35000",0.663733243193724,FALSE,FALSE
"1323",1080,"AT3G55510",0.663733243193724,FALSE,FALSE
"1324",1286,"AT4G23810",0.66748941937448,FALSE,FALSE
"1325",1032,"AT3G51160",0.67024625638355,FALSE,FALSE
"1326",976,"AT3G44450",0.670247160757435,FALSE,FALSE
"1327",1361,"AT4G33666",0.670247424786326,FALSE,FALSE
"1328",13,"AT1G02400",0.670247529672442,FALSE,FALSE
"1329",1608,"AT5G26170",0.670248056259078,FALSE,FALSE
"1330",193,"AT1G26690",0.670249168512598,FALSE,FALSE
"1331",425,"AT1G72390",0.670249410884532,FALSE,FALSE
"1332",446,"AT1G75230",0.670249472081885,FALSE,FALSE
"1333",1329,"AT4G29900",0.670249832037076,FALSE,FALSE
"1334",829,"AT3G10230",0.67025026634929,FALSE,FALSE
"1335",3,"AT1G01170",0.670251092179863,FALSE,FALSE
"1336",832,"AT3G10450",0.670251210529606,FALSE,FALSE
"1337",942,"AT3G25740",0.670251697509706,FALSE,FALSE
"1338",1381,"AT4G35320",0.670252264484647,FALSE,FALSE
"1339",1108,"AT3G59930",0.670255008209544,FALSE,FALSE
"1340",152,"AT1G20300",0.670255008238746,FALSE,FALSE
"1341",854,"AT3G12980",0.670255945208347,FALSE,FALSE
"1342",131,"AT1G18200",0.670261578093826,FALSE,FALSE
"1343",831,"AT3G10440",0.670804359661444,FALSE,FALSE
"1344",720,"AT2G40540",0.672137558632059,FALSE,FALSE
"1345",35,"AT1G05470",0.674061743655699,FALSE,FALSE
"1346",1208,"AT4G15510",0.675160301450602,FALSE,FALSE
"1347",785,"AT3G02420",0.677579812877094,FALSE,FALSE
"1348",1470,"AT5G08190",0.67797374436986,FALSE,FALSE
"1349",973,"AT3G43300",0.679009053243656,FALSE,FALSE
"1350",1363,"AT4G33960",0.679282650325738,FALSE,FALSE
"1351",310,"AT1G55450",0.680114220848081,FALSE,FALSE
"1352",681,"AT2G35500",0.681841267127255,FALSE,FALSE
"1353",568,"AT2G21330",0.683130394297794,FALSE,FALSE
"1354",1410,"AT4G38930",0.683441492771744,FALSE,FALSE
"1355",1369,"AT4G34390",0.683441492785749,FALSE,FALSE
"1356",113,"AT1G15670",0.683442072007106,FALSE,FALSE
"1357",189,"AT1G25400",0.683442072030482,FALSE,FALSE
"1358",382,"AT1G66940",0.683442857897726,FALSE,FALSE
"1359",1437,"AT5G02710",0.683443815617679,FALSE,FALSE
"1360",1485,"AT5G10625",0.683443815621916,FALSE,FALSE
"1361",595,"AT2G24600",0.683443914218694,FALSE,FALSE
"1362",1253,"AT4G20480",0.683444154485014,FALSE,FALSE
"1363",263,"AT1G48850",0.683462921294741,FALSE,FALSE
"1364",1357,"AT4G33010",0.683990549467792,FALSE,FALSE
"1365",1297,"AT4G25110",0.6858941830929,FALSE,FALSE
"1366",775,"AT2G48070",0.68655921980567,FALSE,FALSE
"1367",777,"AT3G01060",0.686559219865886,FALSE,FALSE
"1368",134,"AT1G18810",0.687813573581507,FALSE,FALSE
"1369",1705,"AT5G46780",0.688524375027433,FALSE,FALSE
"1370",1649,"AT5G39740",0.688826209274043,FALSE,FALSE
"1371",471,"AT1G77380",0.695175291004269,FALSE,FALSE
"1372",206,"AT1G29310",0.695180579396449,FALSE,FALSE
"1373",190,"AT1G26120",0.695188286451549,FALSE,FALSE
"1374",14,"AT1G02420",0.696910128961358,FALSE,FALSE
"1375",1401,"AT4G37800",0.696910128961358,FALSE,FALSE
"1376",1151,"AT4G02630",0.698161342134578,FALSE,FALSE
"1377",251,"AT1G43886",0.700107305150111,FALSE,FALSE
"1378",636,"AT2G30490",0.701687570306291,FALSE,FALSE
"1379",150,"AT1G20050",0.703287736867043,FALSE,FALSE
"1380",933,"AT3G23530",0.704408884117945,FALSE,FALSE
"1381",1717,"AT5G48290",0.70567032792729,FALSE,FALSE
"1382",1462,"AT5G06790",0.705670327927291,FALSE,FALSE
"1383",479,"AT1G78300",0.705698574120767,FALSE,FALSE
"1384",288,"AT1G52720",0.705699200133542,FALSE,FALSE
"1385",1358,"AT4G33050",0.70570171347509,FALSE,FALSE
"1386",1708,"AT5G47230",0.70570336715103,FALSE,FALSE
"1387",1234,"AT4G18570",0.70570336717787,FALSE,FALSE
"1388",1044,"AT3G52150",0.705703500498682,FALSE,FALSE
"1389",1416,"AT4G39800",0.705706911954217,FALSE,FALSE
"1390",1666,"AT5G42750",0.705711420280899,FALSE,FALSE
"1391",268,"AT1G49975",0.706406441233667,FALSE,FALSE
"1392",594,"AT2G24570",0.706426522648229,FALSE,FALSE
"1393",853,"AT3G12977",0.706426522648229,FALSE,FALSE
"1394",1557,"AT5G18470",0.706426522649306,FALSE,FALSE
"1395",583,"AT2G23010",0.706436436794902,FALSE,FALSE
"1396",1160,"AT4G04370",0.706441276291536,FALSE,FALSE
"1397",661,"AT2G33530",0.708815446438959,FALSE,FALSE
"1398",1841,"AT5G65760",0.708859234491514,FALSE,FALSE
"1399",1698,"AT5G45930",0.708898115964683,FALSE,FALSE
"1400",1794,"AT5G59550",0.709034904256828,FALSE,FALSE
"1401",924,"AT3G22231",0.710467923051244,FALSE,FALSE
"1402",290,"AT1G52780",0.713334763064202,FALSE,FALSE
"1403",817,"AT3G07680",0.713462317043326,FALSE,FALSE
"1404",1527,"AT5G14410",0.714101336506108,FALSE,FALSE
"1405",72,"AT1G11960",0.715203409136956,FALSE,FALSE
"1406",1612,"AT5G26920",0.715205616836146,FALSE,FALSE
"1407",715,"AT2G39930",0.715207377381265,FALSE,FALSE
"1408",843,"AT3G12130",0.71521517132128,FALSE,FALSE
"1409",110,"AT1G15500",0.715223763509068,FALSE,FALSE
"1410",106,"AT1G15350",0.715224178083372,FALSE,FALSE
"1411",1037,"AT3G51440",0.715225527127792,FALSE,FALSE
"1412",466,"AT1G76460",0.717899687249574,FALSE,FALSE
"1413",58,"AT1G10170",0.721500759390658,FALSE,FALSE
"1414",818,"AT3G08030",0.72171948707092,FALSE,FALSE
"1415",287,"AT1G52600",0.723847593611223,FALSE,FALSE
"1416",1466,"AT5G07300",0.7238475936512,FALSE,FALSE
"1417",1040,"AT3G51510",0.723848988069762,FALSE,FALSE
"1418",69,"AT1G11720",0.723849083220337,FALSE,FALSE
"1419",1285,"AT4G23650",0.723849618429619,FALSE,FALSE
"1420",1435,"AT5G02240",0.723850417509743,FALSE,FALSE
"1421",1659,"AT5G42050",0.723851136012515,FALSE,FALSE
"1422",761,"AT2G45990",0.723852269081552,FALSE,FALSE
"1423",891,"AT3G16860",0.723852490305487,FALSE,FALSE
"1424",499,"AT1G80460",0.723852490311166,FALSE,FALSE
"1425",1097,"AT3G57890",0.72385402420721,FALSE,FALSE
"1426",895,"AT3G17640",0.723855689345929,FALSE,FALSE
"1427",78,"AT1G12900",0.724601412042433,FALSE,FALSE
"1428",1806,"AT5G61210",0.724677973227436,FALSE,FALSE
"1429",129,"AT1G17860",0.729161322427804,FALSE,FALSE
"1430",42,"AT1G07230",0.729776095268095,FALSE,FALSE
"1431",1559,"AT5G18490",0.729959858556013,FALSE,FALSE
"1432",649,"AT2G31750",0.730640482685018,FALSE,FALSE
"1433",1537,"AT5G15680",0.730841424679353,FALSE,FALSE
"1434",1581,"AT5G23490",0.731521594147111,FALSE,FALSE
"1435",605,"AT2G26560",0.731752266492985,FALSE,FALSE
"1436",1623,"AT5G33290",0.731754396972089,FALSE,FALSE
"1437",1243,"AT4G19170",0.731755264901493,FALSE,FALSE
"1438",228,"AT1G31910",0.731756716686341,FALSE,FALSE
"1439",1123,"AT3G62660",0.731757474450169,FALSE,FALSE
"1440",666,"AT2G34250",0.73242953859298,FALSE,FALSE
"1441",1220,"AT4G17050",0.733094216143309,FALSE,FALSE
"1442",1281,"AT4G23470",0.738087015437202,FALSE,FALSE
"1443",341,"AT1G61660",0.739014383090505,FALSE,FALSE
"1444",887,"AT3G16250",0.739016607796525,FALSE,FALSE
"1445",1195,"AT4G12720",0.739021518805538,FALSE,FALSE
"1446",642,"AT2G31010",0.739406297379295,FALSE,FALSE
"1447",593,"AT2G24395",0.739407574563442,FALSE,FALSE
"1448",557,"AT2G19490",0.739408879986052,FALSE,FALSE
"1449",1104,"AT3G59650",0.739410028463482,FALSE,FALSE
"1450",433,"AT1G73320",0.739411730543586,FALSE,FALSE
"1451",1792,"AT5G59420",0.739698969235778,FALSE,FALSE
"1452",548,"AT2G17720",0.741672819136654,FALSE,FALSE
"1453",907,"AT3G19930",0.744682576653047,FALSE,FALSE
"1454",1696,"AT5G45750",0.746936034573206,FALSE,FALSE
"1455",1336,"AT4G30160",0.747514598709282,FALSE,FALSE
"1456",1153,"AT4G03210",0.7477457116056,FALSE,FALSE
"1457",542,"AT2G16430",0.748585861343817,FALSE,FALSE
"1458",707,"AT2G39200",0.751590122412185,FALSE,FALSE
"1459",867,"AT3G14110",0.751929906787478,FALSE,FALSE
"1460",1282,"AT4G23540",0.753484050771466,FALSE,FALSE
"1461",1015,"AT3G49470",0.753890911700509,FALSE,FALSE
"1462",1072,"AT3G54960",0.754212780852901,FALSE,FALSE
"1463",45,"AT1G07890",0.755878634398713,FALSE,FALSE
"1464",1305,"AT4G26060",0.756096874605756,FALSE,FALSE
"1465",1446,"AT5G03730",0.757809714339712,FALSE,FALSE
"1466",1436,"AT5G02490",0.758282231574944,FALSE,FALSE
"1467",1695,"AT5G45680",0.762117050716314,FALSE,FALSE
"1468",15,"AT1G02500",0.763055242393883,FALSE,FALSE
"1469",983,"AT3G45260",0.763105155913679,FALSE,FALSE
"1470",1596,"AT5G24580",0.763345524833833,FALSE,FALSE
"1471",1807,"AT5G61290",0.763345524836995,FALSE,FALSE
"1472",1476,"AT5G08710",0.7633455248426,FALSE,FALSE
"1473",503,"AT1G80980",0.763346403886762,FALSE,FALSE
"1474",1538,"AT5G15740",0.763346867098435,FALSE,FALSE
"1475",1122,"AT3G62630",0.763356548944538,FALSE,FALSE
"1476",461,"AT1G76185",0.76335654894882,FALSE,FALSE
"1477",658,"AT2G32970",0.763357580257336,FALSE,FALSE
"1478",296,"AT1G53233",0.763359607201626,FALSE,FALSE
"1479",935,"AT3G23700",0.766554330238577,FALSE,FALSE
"1480",146,"AT1G19690",0.767379200854648,FALSE,FALSE
"1481",293,"AT1G53120",0.767568337298673,FALSE,FALSE
"1482",1194,"AT4G12500",0.768154999077546,FALSE,FALSE
"1483",766,"AT2G46820",0.768157924793332,FALSE,FALSE
"1484",919,"AT3G21580",0.771063919698034,FALSE,FALSE
"1485",1827,"AT5G64040",0.772896667877286,FALSE,FALSE
"1486",1118,"AT3G62030",0.772901523908452,FALSE,FALSE
"1487",1382,"AT4G35480",0.774489318254122,FALSE,FALSE
"1488",427,"AT1G72450",0.777820090512084,FALSE,FALSE
"1489",801,"AT3G04720",0.781073833745199,FALSE,FALSE
"1490",1478,"AT5G09230",0.781723309711464,FALSE,FALSE
"1491",1805,"AT5G61140",0.781723309711464,FALSE,FALSE
"1492",780,"AT3G01800",0.78172330971191,FALSE,FALSE
"1493",1817,"AT5G62920",0.781725478965155,FALSE,FALSE
"1494",1182,"AT4G11330",0.781727339310971,FALSE,FALSE
"1495",1175,"AT4G10140",0.781728316279714,FALSE,FALSE
"1496",1443,"AT5G03390",0.781728316283849,FALSE,FALSE
"1497",1734,"AT5G51590",0.781736996695078,FALSE,FALSE
"1498",154,"AT1G20810",0.783608669466968,FALSE,FALSE
"1499",522,"AT2G06050",0.78417302201904,FALSE,FALSE
"1500",1822,"AT5G63780",0.785536505680999,FALSE,FALSE
"1501",582,"AT2G23000",0.786108713352309,FALSE,FALSE
"1502",911,"AT3G20800",0.792476659580244,FALSE,FALSE
"1503",1423,"AT5G01450",0.795865494894049,FALSE,FALSE
"1504",1678,"AT5G44070",0.795893617592026,FALSE,FALSE
"1505",897,"AT3G17930",0.79600969649315,FALSE,FALSE
"1506",760,"AT2G45760",0.796402530760144,FALSE,FALSE
"1507",352,"AT1G63860",0.796402703053112,FALSE,FALSE
"1508",1722,"AT5G49100",0.796403156393482,FALSE,FALSE
"1509",650,"AT2G31865",0.796403156396997,FALSE,FALSE
"1510",743,"AT2G43980",0.796403338298065,FALSE,FALSE
"1511",1245,"AT4G19515",0.796404230129055,FALSE,FALSE
"1512",421,"AT1G71696",0.796405033169212,FALSE,FALSE
"1513",1246,"AT4G19540",0.796405123529806,FALSE,FALSE
"1514",244,"AT1G35612",0.796406271139763,FALSE,FALSE
"1515",1414,"AT4G39390",0.79640839353623,FALSE,FALSE
"1516",1639,"AT5G38240",0.79640839353623,FALSE,FALSE
"1517",1661,"AT5G42080",0.796408939543117,FALSE,FALSE
"1518",1042,"AT3G52050",0.796408939555183,FALSE,FALSE
"1519",1791,"AT5G59380",0.797446194512839,FALSE,FALSE
"1520",529,"AT2G14520",0.79744619451284,FALSE,FALSE
"1521",361,"AT1G65030",0.798606925453964,FALSE,FALSE
"1522",441,"AT1G74670",0.800186957232209,FALSE,FALSE
"1523",442,"AT1G74880",0.802082128061757,FALSE,FALSE
"1524",1306,"AT4G26370",0.802382917965844,FALSE,FALSE
"1525",1071,"AT3G54890",0.802754416533828,FALSE,FALSE
"1526",284,"AT1G52290",0.803731241946858,FALSE,FALSE
"1527",336,"AT1G61250",0.806081812133453,FALSE,FALSE
"1528",5,"AT1G01600",0.806453233051681,FALSE,FALSE
"1529",1654,"AT5G40780",0.806614819178305,FALSE,FALSE
"1530",1081,"AT3G55530",0.80778003158615,FALSE,FALSE
"1531",1316,"AT4G28360",0.807780031586152,FALSE,FALSE
"1532",347,"AT1G62800",0.807780031586159,FALSE,FALSE
"1533",1264,"AT4G21900",0.807885019459167,FALSE,FALSE
"1534",1616,"AT5G27740",0.808474518362611,FALSE,FALSE
"1535",384,"AT1G67050",0.808476298879534,FALSE,FALSE
"1536",462,"AT1G76240",0.808476371210456,FALSE,FALSE
"1537",787,"AT3G02690",0.808477085532516,FALSE,FALSE
"1538",99,"AT1G14580",0.808477199514741,FALSE,FALSE
"1539",1849,"AT5G67340",0.808477488668176,FALSE,FALSE
"1540",74,"AT1G12710",0.808489363565992,FALSE,FALSE
"1541",1837,"AT5G64940",0.810145986201733,FALSE,FALSE
"1542",530,"AT2G14835",0.810170619869618,FALSE,FALSE
"1543",601,"AT2G25970",0.81597137792991,FALSE,FALSE
"1544",265,"AT1G49490",0.816127364343613,FALSE,FALSE
"1545",559,"AT2G19880",0.816127364344037,FALSE,FALSE
"1546",340,"AT1G61560",0.816127364344041,FALSE,FALSE
"1547",747,"AT2G44380",0.816127364344077,FALSE,FALSE
"1548",1651,"AT5G40280",0.816127364344077,FALSE,FALSE
"1549",1507,"AT5G13030",0.816725372050277,FALSE,FALSE
"1550",1141,"AT4G01710",0.817085674313025,FALSE,FALSE
"1551",1400,"AT4G37670",0.817085674313042,FALSE,FALSE
"1552",365,"AT1G65481",0.818065884127093,FALSE,FALSE
"1553",394,"AT1G68620",0.818628994573733,FALSE,FALSE
"1554",717,"AT2G40095",0.818628994584813,FALSE,FALSE
"1555",1513,"AT5G13330",0.818629914382897,FALSE,FALSE
"1556",1613,"AT5G27270",0.818629914382897,FALSE,FALSE
"1557",406,"AT1G70100",0.818630116092616,FALSE,FALSE
"1558",1804,"AT5G60940",0.818632736055337,FALSE,FALSE
"1559",105,"AT1G15260",0.818632736055338,FALSE,FALSE
"1560",1070,"AT3G54826",0.818644758588999,FALSE,FALSE
"1561",139,"AT1G19180",0.819782894984887,FALSE,FALSE
"1562",309,"AT1G55325",0.821664050451451,FALSE,FALSE
"1563",1125,"AT3G63130",0.823197762123195,FALSE,FALSE
"1564",1800,"AT5G60300",0.823622608352076,FALSE,FALSE
"1565",1487,"AT5G10690",0.823670363791666,FALSE,FALSE
"1566",1005,"AT3G48200",0.824047940402877,FALSE,FALSE
"1567",1494,"AT5G11490",0.825070262802825,FALSE,FALSE
"1568",773,"AT2G47910",0.825601745682006,FALSE,FALSE
"1569",372,"AT1G65845",0.826645864777177,FALSE,FALSE
"1570",1054,"AT3G52920",0.827004248104302,FALSE,FALSE
"1571",459,"AT1G76150",0.827323994976302,FALSE,FALSE
"1572",1495,"AT5G11550",0.827325270554918,FALSE,FALSE
"1573",412,"AT1G70530",0.827325645841772,FALSE,FALSE
"1574",192,"AT1G26560",0.827325776872314,FALSE,FALSE
"1575",80,"AT1G13080",0.827325776879519,FALSE,FALSE
"1576",1774,"AT5G57860",0.827326859077547,FALSE,FALSE
"1577",261,"AT1G48380",0.827326859091296,FALSE,FALSE
"1578",1331,"AT4G29960",0.827327120150956,FALSE,FALSE
"1579",1447,"AT5G03760",0.827327879714199,FALSE,FALSE
"1580",657,"AT2G32840",0.827330724101732,FALSE,FALSE
"1581",954,"AT3G27030",0.829278513546648,FALSE,FALSE
"1582",122,"AT1G16680",0.829574239166884,FALSE,FALSE
"1583",436,"AT1G73810",0.829574239167106,FALSE,FALSE
"1584",1045,"AT3G52155",0.82989369914325,FALSE,FALSE
"1585",1344,"AT4G30690",0.830125731077439,FALSE,FALSE
"1586",467,"AT1G76920",0.830128485453091,FALSE,FALSE
"1587",389,"AT1G67850",0.831952664242371,FALSE,FALSE
"1588",540,"AT2G16280",0.834879188170138,FALSE,FALSE
"1589",1114,"AT3G61080",0.834879605248805,FALSE,FALSE
"1590",1131,"AT4G00180",0.834879605253558,FALSE,FALSE
"1591",1843,"AT5G66070",0.834879896509577,FALSE,FALSE
"1592",373,"AT1G66090",0.834880249347257,FALSE,FALSE
"1593",19,"AT1G03310",0.834881458811957,FALSE,FALSE
"1594",893,"AT3G17300",0.834881805030451,FALSE,FALSE
"1595",637,"AT2G30520",0.834881805036367,FALSE,FALSE
"1596",528,"AT2G13790",0.834883455384982,FALSE,FALSE
"1597",875,"AT3G14470",0.838006177281107,FALSE,FALSE
"1598",353,"AT1G64170",0.838594725139863,FALSE,FALSE
"1599",403,"AT1G69450",0.839463239806704,FALSE,FALSE
"1600",880,"AT3G15356",0.841412740769105,FALSE,FALSE
"1601",227,"AT1G31800",0.841412740769106,FALSE,FALSE
"1602",1713,"AT5G47630",0.841439729648195,FALSE,FALSE
"1603",576,"AT2G22230",0.841522824166127,FALSE,FALSE
"1604",1742,"AT5G52830",0.841522824166127,FALSE,FALSE
"1605",1769,"AT5G57150",0.841523136369012,FALSE,FALSE
"1606",159,"AT1G21120",0.841523448632745,FALSE,FALSE
"1607",1656,"AT5G41050",0.841524230726257,FALSE,FALSE
"1608",1062,"AT3G53810",0.841525188079017,FALSE,FALSE
"1609",1450,"AT5G04810",0.841525447231248,FALSE,FALSE
"1610",1189,"AT4G12390",0.841525503808418,FALSE,FALSE
"1611",994,"AT3G46620",0.841526164914973,FALSE,FALSE
"1612",319,"AT1G58360",0.841526656386989,FALSE,FALSE
"1613",1534,"AT5G15230",0.841535557158657,FALSE,FALSE
"1614",1093,"AT3G57180",0.842751131045515,FALSE,FALSE
"1615",17,"AT1G02920",0.844817807557867,FALSE,FALSE
"1616",507,"AT2G01540",0.846157600489647,FALSE,FALSE
"1617",224,"AT1G31160",0.846761218527884,FALSE,FALSE
"1618",870,"AT3G14240",0.847425020694919,FALSE,FALSE
"1619",614,"AT2G27660",0.847425773735203,FALSE,FALSE
"1620",524,"AT2G06850",0.84742583982449,FALSE,FALSE
"1621",1501,"AT5G12150",0.847426119828258,FALSE,FALSE
"1622",1359,"AT4G33380",0.847426335006427,FALSE,FALSE
"1623",1515,"AT5G13400",0.847427614148923,FALSE,FALSE
"1624",868,"AT3G14210",0.847427817892764,FALSE,FALSE
"1625",1768,"AT5G57110",0.847428361090221,FALSE,FALSE
"1626",1825,"AT5G63880",0.847431693818597,FALSE,FALSE
"1627",328,"AT1G60730",0.847432218193349,FALSE,FALSE
"1628",21,"AT1G03630",0.847931564105574,FALSE,FALSE
"1629",1372,"AT4G34730",0.848026708037204,FALSE,FALSE
"1630",508,"AT2G01590",0.84835611036205,FALSE,FALSE
"1631",75,"AT1G12730",0.849961787051883,FALSE,FALSE
"1632",877,"AT3G14930",0.851474339198656,FALSE,FALSE
"1633",92,"AT1G14170",0.851928326663306,FALSE,FALSE
"1634",723,"AT2G40935",0.852570156727716,FALSE,FALSE
"1635",1069,"AT3G54790",0.852713446400348,FALSE,FALSE
"1636",1539,"AT5G15780",0.852714369835594,FALSE,FALSE
"1637",359,"AT1G64860",0.852714989183702,FALSE,FALSE
"1638",931,"AT3G23300",0.852715685381216,FALSE,FALSE
"1639",1824,"AT5G63850",0.852718876260828,FALSE,FALSE
"1640",1192,"AT4G12480",0.852718932576983,FALSE,FALSE
"1641",1132,"AT4G00330",0.852916003048666,FALSE,FALSE
"1642",603,"AT2G26330",0.853947340058571,FALSE,FALSE
"1643",653,"AT2G32070",0.855453590466122,FALSE,FALSE
"1644",1746,"AT5G53110",0.8572375056826,FALSE,FALSE
"1645",659,"AT2G33120",0.857487734040941,FALSE,FALSE
"1646",1272,"AT4G23010",0.857487790919727,FALSE,FALSE
"1647",1319,"AT4G28730",0.857488016259864,FALSE,FALSE
"1648",1599,"AT5G25040",0.857489588151737,FALSE,FALSE
"1649",967,"AT3G33530",0.85749312866446,FALSE,FALSE
"1650",1545,"AT5G16300",0.859288791820393,FALSE,FALSE
"1651",652,"AT2G32010",0.859740540908154,FALSE,FALSE
"1652",1138,"AT4G01310",0.861826489926071,FALSE,FALSE
"1653",926,"AT3G22370",0.861826884047411,FALSE,FALSE
"1654",740,"AT2G43570",0.861826916195896,FALSE,FALSE
"1655",660,"AT2G33430",0.861826916204015,FALSE,FALSE
"1656",545,"AT2G17340",0.861827352421271,FALSE,FALSE
"1657",1364,"AT4G34050",0.861827454415183,FALSE,FALSE
"1658",1757,"AT5G55120",0.861828414514633,FALSE,FALSE
"1659",200,"AT1G28280",0.861828414516613,FALSE,FALSE
"1660",1417,"AT4G39840",0.861828894067858,FALSE,FALSE
"1661",160,"AT1G21260",0.862895652872762,FALSE,FALSE
"1662",589,"AT2G23890",0.862895652879804,FALSE,FALSE
"1663",708,"AT2G39210",0.863916997614931,FALSE,FALSE
"1664",223,"AT1G31130",0.865791622236901,FALSE,FALSE
"1665",401,"AT1G69070",0.865791923470067,FALSE,FALSE
"1666",771,"AT2G47730",0.865791923473044,FALSE,FALSE
"1667",543,"AT2G17120",0.865792404746189,FALSE,FALSE
"1668",860,"AT3G13750",0.86579247204013,FALSE,FALSE
"1669",125,"AT1G17370",0.865795344431646,FALSE,FALSE
"1670",1393,"AT4G36730",0.86633661072315,FALSE,FALSE
"1671",138,"AT1G19150",0.867006670972975,FALSE,FALSE
"1672",1735,"AT5G51640",0.86732263928019,FALSE,FALSE
"1673",947,"AT3G26210",0.86751367582519,FALSE,FALSE
"1674",1115,"AT3G61590",0.868700428626951,FALSE,FALSE
"1675",1303,"AT4G25830",0.870169298684541,FALSE,FALSE
"1676",1748,"AT5G53940",0.870196762941501,FALSE,FALSE
"1677",889,"AT3G16720",0.870311167420695,FALSE,FALSE
"1678",1593,"AT5G24450",0.870422050449383,FALSE,FALSE
"1679",1073,"AT3G54980",0.872094363596343,FALSE,FALSE
"1680",453,"AT1G75800",0.872795908694924,FALSE,FALSE
"1681",1191,"AT4G12470",0.872796101152429,FALSE,FALSE
"1682",725,"AT2G41090",0.873134636298768,FALSE,FALSE
"1683",625,"AT2G29650",0.873452252817036,FALSE,FALSE
"1684",273,"AT1G51100",0.874031507154353,FALSE,FALSE
"1685",849,"AT3G12740",0.875410811896722,FALSE,FALSE
"1686",402,"AT1G69410",0.875909773584684,FALSE,FALSE
"1687",1001,"AT3G47520",0.878551196170242,FALSE,FALSE
"1688",1238,"AT4G18890",0.878695113001671,FALSE,FALSE
"1689",136,"AT1G19000",0.878805985416453,FALSE,FALSE
"1690",1474,"AT5G08540",0.878807542034487,FALSE,FALSE
"1691",1113,"AT3G60800",0.882641577478497,FALSE,FALSE
"1692",395,"AT1G68660",0.88330445640735,FALSE,FALSE
"1693",344,"AT1G62510",0.883895760193191,FALSE,FALSE
"1694",1318,"AT4G28660",0.884071712729356,FALSE,FALSE
"1695",286,"AT1G52510",0.885696867326049,FALSE,FALSE
"1696",1712,"AT5G47610",0.887481515445088,FALSE,FALSE
"1697",1341,"AT4G30440",0.887745175465821,FALSE,FALSE
"1698",687,"AT2G36330",0.889338956771737,FALSE,FALSE
"1699",1646,"AT5G39050",0.889406071172425,FALSE,FALSE
"1700",269,"AT1G50730",0.890386169614086,FALSE,FALSE
"1701",1232,"AT4G18480",0.891566267717507,FALSE,FALSE
"1702",1561,"AT5G18680",0.892155866533543,FALSE,FALSE
"1703",847,"AT3G12570",0.89243333878773,FALSE,FALSE
"1704",1619,"AT5G28020",0.894664303270984,FALSE,FALSE
"1705",763,"AT2G46510",0.894810781739339,FALSE,FALSE
"1706",691,"AT2G36800",0.895160212635944,FALSE,FALSE
"1707",282,"AT1G51890",0.895336709847214,FALSE,FALSE
"1708",477,"AT1G78240",0.896545421631531,FALSE,FALSE
"1709",1638,"AT5G38210",0.897134539307106,FALSE,FALSE
"1710",1479,"AT5G09590",0.897760614154188,FALSE,FALSE
"1711",1469,"AT5G08160",0.897961728077311,FALSE,FALSE
"1712",1190,"AT4G12420",0.89989561599228,FALSE,FALSE
"1713",572,"AT2G21470",0.900886500817439,FALSE,FALSE
"1714",162,"AT1G21350",0.901788296417244,FALSE,FALSE
"1715",367,"AT1G65500",0.901788296529531,FALSE,FALSE
"1716",1,"AT1G01080",0.903242185204805,FALSE,FALSE
"1717",378,"AT1G66580",0.903459481119583,FALSE,FALSE
"1718",562,"AT2G20370",0.90370586669105,FALSE,FALSE
"1719",966,"AT3G32930",0.904925122143762,FALSE,FALSE
"1720",872,"AT3G14400",0.905313552529775,FALSE,FALSE
"1721",1368,"AT4G34290",0.914695817846353,FALSE,FALSE
"1722",388,"AT1G67840",0.915341295779908,FALSE,FALSE
"1723",30,"AT1G05010",0.918927270621353,FALSE,FALSE
"1724",1764,"AT5G56350",0.920169304707754,FALSE,FALSE
"1725",1010,"AT3G48850",0.921358214124176,FALSE,FALSE
"1726",1730,"AT5G50840",0.922086888219587,FALSE,FALSE
"1727",826,"AT3G09650",0.922863363606421,FALSE,FALSE
"1728",762,"AT2G46430",0.927667921479636,FALSE,FALSE
"1729",1117,"AT3G61870",0.929520446548379,FALSE,FALSE
"1730",283,"AT1G52200",0.929891612732986,FALSE,FALSE
"1731",232,"AT1G32200",0.930086917907848,FALSE,FALSE
"1732",1140,"AT4G01700",0.936247235424887,FALSE,FALSE
"1733",369,"AT1G65690",0.943067250471442,FALSE,FALSE
"1734",1222,"AT4G17460",0.998169122882404,FALSE,FALSE
"1735",493,"AT1G79640",0.998768019349425,FALSE,FALSE
"1736",988,"AT3G45650",0.998786166097306,FALSE,FALSE
"1737",745,"AT2G44340",0.998805402403017,FALSE,FALSE
"1738",1259,"AT4G21200",0.998851099255139,FALSE,FALSE
"1739",1061,"AT3G53650",0.998851099257596,FALSE,FALSE
"1740",1039,"AT3G51470",0.998872966967657,FALSE,FALSE
"1741",397,"AT1G68725",0.999208386665059,FALSE,FALSE
"1742",364,"AT1G65390",0.999220054082374,FALSE,FALSE
"1743",1075,"AT3G55080",0.99951820132212,FALSE,FALSE
"1744",410,"AT1G70505",0.999520850670347,FALSE,FALSE
"1745",748,"AT2G44490",0.999999999999998,FALSE,FALSE
"1746",1760,"AT5G55990",0.999999999999998,FALSE,FALSE
"1747",53,"AT1G09150",0.999999999999999,FALSE,FALSE
"1748",82,"AT1G13110",0.999999999999999,FALSE,FALSE
"1749",166,"AT1G22200",0.999999999999999,FALSE,FALSE
"1750",167,"AT1G22220",0.999999999999999,FALSE,FALSE
"1751",169,"AT1G22410",0.999999999999999,FALSE,FALSE
"1752",304,"AT1G54130",0.999999999999999,FALSE,FALSE
"1753",368,"AT1G65610",0.999999999999999,FALSE,FALSE
"1754",420,"AT1G71695",0.999999999999999,FALSE,FALSE
"1755",570,"AT2G21370",0.999999999999999,FALSE,FALSE
"1756",579,"AT2G22880",0.999999999999999,FALSE,FALSE
"1757",588,"AT2G23740",0.999999999999999,FALSE,FALSE
"1758",722,"AT2G40890",0.999999999999999,FALSE,FALSE
"1759",797,"AT3G04260",0.999999999999999,FALSE,FALSE
"1760",824,"AT3G09150",0.999999999999999,FALSE,FALSE
"1761",861,"AT3G13790",0.999999999999999,FALSE,FALSE
"1762",943,"AT3G25780",0.999999999999999,FALSE,FALSE
"1763",955,"AT3G27210",0.999999999999999,FALSE,FALSE
"1764",1078,"AT3G55430",0.999999999999999,FALSE,FALSE
"1765",1144,"AT4G01860",0.999999999999999,FALSE,FALSE
"1766",1149,"AT4G02530",0.999999999999999,FALSE,FALSE
"1767",1218,"AT4G16880",0.999999999999999,FALSE,FALSE
"1768",1371,"AT4G34660",0.999999999999999,FALSE,FALSE
"1769",1512,"AT5G13220",0.999999999999999,FALSE,FALSE
"1770",1550,"AT5G17170",0.999999999999999,FALSE,FALSE
"1771",1624,"AT5G34940",0.999999999999999,FALSE,FALSE
"1772",1771,"AT5G57345",0.999999999999999,FALSE,FALSE
"1773",1840,"AT5G65730",0.999999999999999,FALSE,FALSE
"1774",11,"AT1G02130",1,FALSE,FALSE
"1775",20,"AT1G03360",1,FALSE,FALSE
"1776",34,"AT1G05460",1,FALSE,FALSE
"1777",36,"AT1G06620",1,FALSE,FALSE
"1778",71,"AT1G11850",1,FALSE,FALSE
"1779",91,"AT1G14130",1,FALSE,FALSE
"1780",103,"AT1G14870",1,FALSE,FALSE
"1781",108,"AT1G15440",1,FALSE,FALSE
"1782",117,"AT1G15885",1,FALSE,FALSE
"1783",161,"AT1G21326",1,FALSE,FALSE
"1784",175,"AT1G23170",1,FALSE,FALSE
"1785",178,"AT1G23560",1,FALSE,FALSE
"1786",184,"AT1G24150",1,FALSE,FALSE
"1787",211,"AT1G29840",1,FALSE,FALSE
"1788",212,"AT1G29970",1,FALSE,FALSE
"1789",219,"AT1G30730",1,FALSE,FALSE
"1790",248,"AT1G43160",1,FALSE,FALSE
"1791",350,"AT1G63720",1,FALSE,FALSE
"1792",399,"AT1G69030",1,FALSE,FALSE
"1793",400,"AT1G69060",1,FALSE,FALSE
"1794",444,"AT1G75170",1,FALSE,FALSE
"1795",472,"AT1G77420",1,FALSE,FALSE
"1796",500,"AT1G80510",1,FALSE,FALSE
"1797",527,"AT2G09589",1,FALSE,FALSE
"1798",546,"AT2G17420",1,FALSE,FALSE
"1799",581,"AT2G22990",1,FALSE,FALSE
"1800",599,"AT2G25350",1,FALSE,FALSE
"1801",615,"AT2G27690",1,FALSE,FALSE
"1802",678,"AT2G35190",1,FALSE,FALSE
"1803",697,"AT2G37585",1,FALSE,FALSE
"1804",699,"AT2G38020",1,FALSE,FALSE
"1805",728,"AT2G41310",1,FALSE,FALSE
"1806",764,"AT2G46590",1,FALSE,FALSE
"1807",852,"AT3G12950",1,FALSE,FALSE
"1808",873,"AT3G14415",1,FALSE,FALSE
"1809",894,"AT3G17609",1,FALSE,FALSE
"1810",901,"AT3G18560",1,FALSE,FALSE
"1811",1036,"AT3G51430",1,FALSE,FALSE
"1812",1047,"AT3G52190",1,FALSE,FALSE
"1813",1064,"AT3G54100",1,FALSE,FALSE
"1814",1109,"AT3G60290",1,FALSE,FALSE
"1815",1148,"AT4G02380",1,FALSE,FALSE
"1816",1162,"AT4G04920",1,FALSE,FALSE
"1817",1177,"AT4G10340",1,FALSE,FALSE
"1818",1202,"AT4G14550",1,FALSE,FALSE
"1819",1248,"AT4G19865",1,FALSE,FALSE
"1820",1270,"AT4G22820",1,FALSE,FALSE
"1821",1301,"AT4G25480",1,FALSE,FALSE
"1822",1313,"AT4G27430",1,FALSE,FALSE
"1823",1335,"AT4G30150",1,FALSE,FALSE
"1824",1352,"AT4G31850",1,FALSE,FALSE
"1825",1379,"AT4G35250",1,FALSE,FALSE
"1826",1380,"AT4G35300",1,FALSE,FALSE
"1827",1403,"AT4G37920",1,FALSE,FALSE
"1828",1413,"AT4G39270",1,FALSE,FALSE
"1829",1431,"AT5G01900",1,FALSE,FALSE
"1830",1452,"AT5G04980",1,FALSE,FALSE
"1831",1465,"AT5G07180",1,FALSE,FALSE
"1832",1480,"AT5G09660",1,FALSE,FALSE
"1833",1482,"AT5G10270",1,FALSE,FALSE
"1834",1490,"AT5G10810",1,FALSE,FALSE
"1835",1491,"AT5G10930",1,FALSE,FALSE
"1836",1496,"AT5G11630",1,FALSE,FALSE
"1837",1523,"AT5G13870",1,FALSE,FALSE
"1838",1563,"AT5G18860",1,FALSE,FALSE
"1839",1565,"AT5G19230",1,FALSE,FALSE
"1840",1578,"AT5G22545",1,FALSE,FALSE
"1841",1604,"AT5G25820",1,FALSE,FALSE
"1842",1682,"AT5G44410",1,FALSE,FALSE
"1843",1683,"AT5G44568",1,FALSE,FALSE
"1844",1694,"AT5G45560",1,FALSE,FALSE
"1845",1728,"AT5G50430",1,FALSE,FALSE
"1846",1773,"AT5G57550",1,FALSE,FALSE
"1847",1777,"AT5G57930",1,FALSE,FALSE
"1848",1783,"AT5G58310",1,FALSE,FALSE
"1849",1814,"AT5G62790",1,FALSE,FALSE
"1850",1833,"AT5G64620",1,FALSE,FALSE
"1851",1749,"AT5G54100",1.96941729769012e-05,TRUE,FALSE
